"Girokonto";"DE02120300000000202051"

"Buchungsdatum";"Wertstellung";"Status";"Zahlungspflichtige*r";"Zahlungsempfänger*in";"Verwendungszweck";"Umsatztyp";"IBAN";"Betrag (€)";"Gläubiger-ID";"Mandatsreferenz";"Kundenreferenz"
"01.01.25";"01.01.25";"Gebucht";"Max Mustermann";"EDEKA Center";"KARTENZAHLUNG DANKE REF00010";"Ausgang";"DE02120300000000202051";"-72,51";"";"";""
"01.01.25";"01.01.25";"Gebucht";"Max Mustermann";"Wohnbau Hanau GmbH";"MIETE BERGSTRASSE 3 01/2025 REF00002";"Ausgang";"DE02120300000000202051";"-980,00";"";"";""
"03.01.25";"03.01.25";"Gebucht";"Max Mustermann";"Stadtwerke Hanau";"ABSCHLAG STROM GAS 01/2025 REF00003";"Ausgang";"DE02120300000000202051";"-128,00";"";"";""
"03.01.25";"03.01.25";"Gebucht";"Max Mustermann";"REWE Markt GmbH";"KARTENZAHLUNG DANKE REF00014";"Ausgang";"DE02120300000000202051";"-27,02";"";"";""
"03.01.25";"03.01.25";"Gebucht";"Max Mustermann";"MediaMarkt";"ONLINE EINKAUF REF00023";"Ausgang";"DE02120300000000202051";"-81,77";"";"";""
"07.01.25";"07.01.25";"Gebucht";"Max Mustermann";"Spotify AB";"SPOTIFY PREMIUM 01/2025 REF00005";"Ausgang";"DE02120300000000202051";"-10,99";"";"";""
"08.01.25";"08.01.25";"Gebucht";"Max Mustermann";"Geldautomat Sparkasse";"BARGELDAUSZAHLUNG REF00026";"Ausgang";"DE02120300000000202051";"-100,00";"";"";""
"08.01.25";"08.01.25";"Gebucht";"Max Mustermann";"REWE Markt GmbH";"KARTENZAHLUNG DANKE REF00011";"Ausgang";"DE02120300000000202051";"-20,14";"";"";""
"08.01.25";"08.01.25";"Gebucht";"Max Mustermann";"LIDL Dienstleistung";"KARTENZAHLUNG DANKE REF00016";"Ausgang";"DE02120300000000202051";"-47,08";"";"";""
"11.01.25";"11.01.25";"Gebucht";"Max Mustermann";"Pizzeria Bella Italia";"BESTELLUNG DANKE REF00018";"Ausgang";"DE02120300000000202051";"-23,17";"";"";""
"13.01.25";"13.01.25";"Gebucht";"Max Mustermann";"Cafe Central";"BESTELLUNG DANKE REF00020";"Ausgang";"DE02120300000000202051";"-13,93";"";"";""
"15.01.25";"15.01.25";"Gebucht";"Max Mustermann";"NETFLIX INTERNATIONAL B.V.";"NETFLIX ABO 01/2025 REF00004";"Ausgang";"DE02120300000000202051";"-13,99";"";"";""
"18.01.25";"18.01.25";"Gebucht";"Max Mustermann";"ALDI SUED";"KARTENZAHLUNG DANKE REF00015";"Ausgang";"DE02120300000000202051";"-25,30";"";"";""
"18.01.25";"18.01.25";"Gebucht";"Max Mustermann";"Telekom Deutschland GmbH";"MOBILFUNK RECHNUNG 01/2025 REF00008";"Ausgang";"DE02120300000000202051";"-19,99";"";"";""
"19.01.25";"19.01.25";"Gebucht";"Max Mustermann";"REWE Markt GmbH";"KARTENZAHLUNG DANKE REF00013";"Ausgang";"DE02120300000000202051";"-44,71";"";"";""
"19.01.25";"19.01.25";"Gebucht";"Max Mustermann";"AMAZON EU S.A R.L.";"ONLINE EINKAUF REF00025";"Ausgang";"DE02120300000000202051";"-35,00";"";"";""
"20.01.25";"20.01.25";"Gebucht";"Max Mustermann";"Lieferando.de";"BESTELLUNG DANKE REF00021";"Ausgang";"DE02120300000000202051";"-22,49";"";"";""
"20.01.25";"20.01.25";"Gebucht";"Max Mustermann";"FitX Deutschland GmbH";"MITGLIEDSBEITRAG FITNESS 01/2025 REF00006";"Ausgang";"DE02120300000000202051";"-29,90";"";"";""
"20.01.25";"20.01.25";"Gebucht";"Max Mustermann";"Zalando SE";"ONLINE EINKAUF REF00024";"Ausgang";"DE02120300000000202051";"-125,11";"";"";""
"22.01.25";"22.01.25";"Gebucht";"Max Mustermann";"REWE Markt GmbH";"KARTENZAHLUNG DANKE REF00012";"Ausgang";"DE02120300000000202051";"-72,44";"";"";""
"24.01.25";"24.01.25";"Gebucht";"Max Mustermann";"Lieferando.de";"BESTELLUNG DANKE REF00022";"Ausgang";"DE02120300000000202051";"-32,43";"";"";""
"25.01.25";"25.01.25";"Gebucht";"Max Mustermann";"Lieferando.de";"BESTELLUNG DANKE REF00019";"Ausgang";"DE02120300000000202051";"-26,17";"";"";""
"25.01.25";"25.01.25";"Gebucht";"Max Mustermann";"Trade Republic Bank GmbH";"SPARPLAN ETF MSCI WORLD 01/2025 REF00007";"Ausgang";"DE02120300000000202051";"-200,00";"";"";""
"26.01.25";"26.01.25";"Gebucht";"Max Mustermann";"EDEKA Center";"KARTENZAHLUNG DANKE REF00017";"Ausgang";"DE02120300000000202051";"-83,63";"";"";""
"27.01.25";"27.01.25";"Gebucht";"Max Mustermann";"Sparkasse Hanau";"ENTGELT KONTOFUEHRUNG 01/2025 REF00009";"Ausgang";"DE02120300000000202051";"-4,90";"";"";""
"28.01.25";"28.01.25";"Gebucht";"Acme Software GmbH";"Max Mustermann";"GEHALT 01/2025 REF00001";"Eingang";"DE02120300000000202051";"2850,00";"";"";""
"01.02.25";"01.02.25";"Gebucht";"Max Mustermann";"Wohnbau Hanau GmbH";"MIETE BERGSTRASSE 3 02/2025 REF00028";"Ausgang";"DE02120300000000202051";"-980,00";"";"";""
"03.02.25";"03.02.25";"Gebucht";"Max Mustermann";"Stadtwerke Hanau";"ABSCHLAG STROM GAS 02/2025 REF00029";"Ausgang";"DE02120300000000202051";"-128,00";"";"";""
"05.02.25";"05.02.25";"Gebucht";"Max Mustermann";"Cafe Central";"BESTELLUNG DANKE REF00047";"Ausgang";"DE02120300000000202051";"-21,58";"";"";""
"06.02.25";"06.02.25";"Gebucht";"Max Mustermann";"DB Vertrieb GmbH";"FAHRKARTE DEUTSCHE BAHN REF00051";"Ausgang";"DE02120300000000202051";"-66,49";"";"";""
"06.02.25";"06.02.25";"Gebucht";"Max Mustermann";"EDEKA Center";"KARTENZAHLUNG DANKE REF00037";"Ausgang";"DE02120300000000202051";"-40,21";"";"";""
"06.02.25";"06.02.25";"Gebucht";"Max Mustermann";"LIDL Dienstleistung";"KARTENZAHLUNG DANKE REF00040";"Ausgang";"DE02120300000000202051";"-48,22";"";"";""
"07.02.25";"07.02.25";"Gebucht";"Max Mustermann";"McDonalds Deutschland";"BESTELLUNG DANKE REF00045";"Ausgang";"DE02120300000000202051";"-42,43";"";"";""
"07.02.25";"07.02.25";"Gebucht";"Max Mustermann";"Spotify AB";"SPOTIFY PREMIUM 02/2025 REF00031";"Ausgang";"DE02120300000000202051";"-10,99";"";"";""
"08.02.25";"08.02.25";"Gebucht";"Max Mustermann";"LIDL Dienstleistung";"KARTENZAHLUNG DANKE REF00043";"Ausgang";"DE02120300000000202051";"-79,50";"";"";""
"08.02.25";"08.02.25";"Gebucht";"Max Mustermann";"AMAZON EU S.A R.L.";"ONLINE EINKAUF REF00049";"Ausgang";"DE02120300000000202051";"-139,65";"";"";""
"09.02.25";"09.02.25";"Gebucht";"Max Mustermann";"Cafe Central";"BESTELLUNG DANKE REF00044";"Ausgang";"DE02120300000000202051";"-12,38";"";"";""
"13.02.25";"13.02.25";"Gebucht";"Max Mustermann";"LIDL Dienstleistung";"KARTENZAHLUNG DANKE REF00036";"Ausgang";"DE02120300000000202051";"-32,18";"";"";""
"15.02.25";"15.02.25";"Gebucht";"Max Mustermann";"NETFLIX INTERNATIONAL B.V.";"NETFLIX ABO 02/2025 REF00030";"Ausgang";"DE02120300000000202051";"-13,99";"";"";""
"17.02.25";"17.02.25";"Gebucht";"Max Mustermann";"AMAZON EU S.A R.L.";"ONLINE EINKAUF REF00050";"Ausgang";"DE02120300000000202051";"-74,16";"";"";""
"18.02.25";"18.02.25";"Gebucht";"Max Mustermann";"Telekom Deutschland GmbH";"MOBILFUNK RECHNUNG 02/2025 REF00034";"Ausgang";"DE02120300000000202051";"-19,99";"";"";""
"20.02.25";"20.02.25";"Gebucht";"Max Mustermann";"EDEKA Center";"KARTENZAHLUNG DANKE REF00039";"Ausgang";"DE02120300000000202051";"-63,24";"";"";""
"20.02.25";"20.02.25";"Gebucht";"Max Mustermann";"FitX Deutschland GmbH";"MITGLIEDSBEITRAG FITNESS 02/2025 REF00032";"Ausgang";"DE02120300000000202051";"-29,90";"";"";""
"21.02.25";"21.02.25";"Gebucht";"Max Mustermann";"Cafe Central";"BESTELLUNG DANKE REF00046";"Ausgang";"DE02120300000000202051";"-32,40";"";"";""
"21.02.25";"21.02.25";"Gebucht";"Max Mustermann";"EDEKA Center";"KARTENZAHLUNG DANKE REF00041";"Ausgang";"DE02120300000000202051";"-67,87";"";"";""
"22.02.25";"22.02.25";"Gebucht";"Max Mustermann";"REWE Markt GmbH";"KARTENZAHLUNG DANKE REF00038";"Ausgang";"DE02120300000000202051";"-31,23";"";"";""
"22.02.25";"22.02.25";"Gebucht";"Max Mustermann";"REWE Markt GmbH";"KARTENZAHLUNG DANKE REF00042";"Ausgang";"DE02120300000000202051";"-36,21";"";"";""
"24.02.25";"24.02.25";"Gebucht";"Max Mustermann";"McDonalds Deutschland";"BESTELLUNG DANKE REF00048";"Ausgang";"DE02120300000000202051";"-38,81";"";"";""
"25.02.25";"25.02.25";"Gebucht";"Max Mustermann";"Trade Republic Bank GmbH";"SPARPLAN ETF MSCI WORLD 02/2025 REF00033";"Ausgang";"DE02120300000000202051";"-200,00";"";"";""
"27.02.25";"27.02.25";"Gebucht";"Max Mustermann";"Sparkasse Hanau";"ENTGELT KONTOFUEHRUNG 02/2025 REF00035";"Ausgang";"DE02120300000000202051";"-4,90";"";"";""
"28.02.25";"28.02.25";"Gebucht";"Acme Software GmbH";"Max Mustermann";"GEHALT 02/2025 REF00027";"Eingang";"DE02120300000000202051";"2850,00";"";"";""
"01.03.25";"01.03.25";"Gebucht";"Max Mustermann";"LIDL Dienstleistung";"KARTENZAHLUNG DANKE REF00066";"Ausgang";"DE02120300000000202051";"-90,98";"";"";""
"01.03.25";"01.03.25";"Gebucht";"Max Mustermann";"Wohnbau Hanau GmbH";"MIETE BERGSTRASSE 3 03/2025 REF00053";"Ausgang";"DE02120300000000202051";"-980,00";"";"";""
"02.03.25";"02.03.25";"Gebucht";"Max Mustermann";"MediaMarkt";"ONLINE EINKAUF REF00072";"Ausgang";"DE02120300000000202051";"-41,31";"";"";""
"03.03.25";"03.03.25";"Gebucht";"Max Mustermann";"Stadtwerke Hanau";"ABSCHLAG STROM GAS 03/2025 REF00054";"Ausgang";"DE02120300000000202051";"-128,00";"";"";""
"04.03.25";"04.03.25";"Gebucht";"Max Mustermann";"Cafe Central";"BESTELLUNG DANKE REF00071";"Ausgang";"DE02120300000000202051";"-56,38";"";"";""
"07.03.25";"07.03.25";"Gebucht";"Max Mustermann";"Spotify AB";"SPOTIFY PREMIUM 03/2025 REF00056";"Ausgang";"DE02120300000000202051";"-10,99";"";"";""
"10.03.25";"10.03.25";"Gebucht";"Max Mustermann";"ALDI SUED";"KARTENZAHLUNG DANKE REF00065";"Ausgang";"DE02120300000000202051";"-45,82";"";"";""
"12.03.25";"12.03.25";"Gebucht";"Max Mustermann";"Lieferando.de";"BESTELLUNG DANKE REF00069";"Ausgang";"DE02120300000000202051";"-47,89";"";"";""
"13.03.25";"13.03.25";"Gebucht";"Max Mustermann";"ALDI SUED";"KARTENZAHLUNG DANKE REF00061";"Ausgang";"DE02120300000000202051";"-41,20";"";"";""
"15.03.25";"15.03.25";"Gebucht";"Max Mustermann";"NETFLIX INTERNATIONAL B.V.";"NETFLIX ABO 03/2025 REF00055";"Ausgang";"DE02120300000000202051";"-13,99";"";"";""
"16.03.25";"16.03.25";"Gebucht";"Max Mustermann";"DB Vertrieb GmbH";"FAHRKARTE DEUTSCHE BAHN REF00073";"Ausgang";"DE02120300000000202051";"-68,04";"";"";""
"17.03.25";"17.03.25";"Gebucht";"Max Mustermann";"REWE Markt GmbH";"KARTENZAHLUNG DANKE REF00062";"Ausgang";"DE02120300000000202051";"-29,87";"";"";""
"17.03.25";"17.03.25";"Gebucht";"Max Mustermann";"REWE Markt GmbH";"KARTENZAHLUNG DANKE REF00067";"Ausgang";"DE02120300000000202051";"-74,29";"";"";""
"18.03.25";"18.03.25";"Gebucht";"Max Mustermann";"Telekom Deutschland GmbH";"MOBILFUNK RECHNUNG 03/2025 REF00059";"Ausgang";"DE02120300000000202051";"-19,99";"";"";""
"20.03.25";"20.03.25";"Gebucht";"Max Mustermann";"Lieferando.de";"BESTELLUNG DANKE REF00070";"Ausgang";"DE02120300000000202051";"-25,53";"";"";""
"20.03.25";"20.03.25";"Gebucht";"Max Mustermann";"FitX Deutschland GmbH";"MITGLIEDSBEITRAG FITNESS 03/2025 REF00057";"Ausgang";"DE02120300000000202051";"-29,90";"";"";""
"22.03.25";"22.03.25";"Gebucht";"Max Mustermann";"LIDL Dienstleistung";"KARTENZAHLUNG DANKE REF00063";"Ausgang";"DE02120300000000202051";"-70,70";"";"";""
"25.03.25";"25.03.25";"Gebucht";"Max Mustermann";"REWE Markt GmbH";"KARTENZAHLUNG DANKE REF00064";"Ausgang";"DE02120300000000202051";"-63,76";"";"";""
"25.03.25";"25.03.25";"Gebucht";"Max Mustermann";"Trade Republic Bank GmbH";"SPARPLAN ETF MSCI WORLD 03/2025 REF00058";"Ausgang";"DE02120300000000202051";"-200,00";"";"";""
"27.03.25";"27.03.25";"Gebucht";"Max Mustermann";"Sparkasse Hanau";"ENTGELT KONTOFUEHRUNG 03/2025 REF00060";"Ausgang";"DE02120300000000202051";"-4,90";"";"";""
"28.03.25";"28.03.25";"Gebucht";"Acme Software GmbH";"Max Mustermann";"GEHALT 03/2025 REF00052";"Eingang";"DE02120300000000202051";"2850,00";"";"";""
"28.03.25";"28.03.25";"Gebucht";"Max Mustermann";"EDEKA Center";"KARTENZAHLUNG DANKE REF00068";"Ausgang";"DE02120300000000202051";"-62,40";"";"";""
"01.04.25";"01.04.25";"Gebucht";"Max Mustermann";"Wohnbau Hanau GmbH";"MIETE BERGSTRASSE 3 04/2025 REF00075";"Ausgang";"DE02120300000000202051";"-980,00";"";"";""
"02.04.25";"02.04.25";"Gebucht";"Max Mustermann";"Cafe Central";"BESTELLUNG DANKE REF00099";"Ausgang";"DE02120300000000202051";"-29,53";"";"";""
"03.04.25";"03.04.25";"Gebucht";"Max Mustermann";"Stadtwerke Hanau";"ABSCHLAG STROM GAS 04/2025 REF00076";"Ausgang";"DE02120300000000202051";"-128,00";"";"";""
"03.04.25";"03.04.25";"Gebucht";"Max Mustermann";"LIDL Dienstleistung";"KARTENZAHLUNG DANKE REF00092";"Ausgang";"DE02120300000000202051";"-86,77";"";"";""
"03.04.25";"03.04.25";"Gebucht";"Max Mustermann";"LIDL Dienstleistung";"KARTENZAHLUNG DANKE REF00093";"Ausgang";"DE02120300000000202051";"-52,73";"";"";""
"04.04.25";"04.04.25";"Gebucht";"Max Mustermann";"REWE Markt GmbH";"KARTENZAHLUNG DANKE REF00088";"Ausgang";"DE02120300000000202051";"-29,57";"";"";""
"07.04.25";"07.04.25";"Gebucht";"Max Mustermann";"Geldautomat Sparkasse";"BARGELDAUSZAHLUNG REF00100";"Ausgang";"DE02120300000000202051";"-150,00";"";"";""
"07.04.25";"07.04.25";"Gebucht";"Max Mustermann";"McDonalds Deutschland";"BESTELLUNG DANKE REF00096";"Ausgang";"DE02120300000000202051";"-13,81";"";"";""
"07.04.25";"07.04.25";"Gebucht";"Max Mustermann";"EDEKA Center";"KARTENZAHLUNG DANKE REF00085";"Ausgang";"DE02120300000000202051";"-88,82";"";"";""
"07.04.25";"07.04.25";"Gebucht";"Max Mustermann";"Spotify AB";"SPOTIFY PREMIUM 04/2025 REF00078";"Ausgang";"DE02120300000000202051";"-10,99";"";"";""
"08.04.25";"08.04.25";"Gebucht";"Max Mustermann";"McDonalds Deutschland";"BESTELLUNG DANKE REF00095";"Ausgang";"DE02120300000000202051";"-49,02";"";"";""
"10.04.25";"10.04.25";"Gebucht";"Max Mustermann";"HUK-COBURG Versicherung";"HAFTPFLICHT JAHRESBEITRAG 2025 REF00102";"Ausgang";"DE02120300000000202051";"-89,00";"";"";""
"11.04.25";"11.04.25";"Gebucht";"Max Mustermann";"EDEKA Center";"KARTENZAHLUNG DANKE REF00089";"Ausgang";"DE02120300000000202051";"-9,83";"";"";""
"12.04.25";"12.04.25";"Gebucht";"Max Mustermann";"McDonalds Deutschland";"BESTELLUNG DANKE REF00097";"Ausgang";"DE02120300000000202051";"-30,60";"";"";""
"14.04.25";"14.04.25";"Gebucht";"Max Mustermann";"DB Vertrieb GmbH";"FAHRKARTE DEUTSCHE BAHN REF00101";"Ausgang";"DE02120300000000202051";"-26,93";"";"";""
"15.04.25";"15.04.25";"Gebucht";"Max Mustermann";"ALDI SUED";"KARTENZAHLUNG DANKE REF00087";"Ausgang";"DE02120300000000202051";"-86,27";"";"";""
"15.04.25";"15.04.25";"Gebucht";"Max Mustermann";"NETFLIX INTERNATIONAL B.V.";"NETFLIX ABO 04/2025 REF00077";"Ausgang";"DE02120300000000202051";"-13,99";"";"";""
"18.04.25";"18.04.25";"Gebucht";"Max Mustermann";"ALDI SUED";"KARTENZAHLUNG DANKE REF00084";"Ausgang";"DE02120300000000202051";"-22,37";"";"";""
"18.04.25";"18.04.25";"Gebucht";"Max Mustermann";"Telekom Deutschland GmbH";"MOBILFUNK RECHNUNG 04/2025 REF00081";"Ausgang";"DE02120300000000202051";"-19,99";"";"";""
"19.04.25";"19.04.25";"Gebucht";"Max Mustermann";"REWE Markt GmbH";"KARTENZAHLUNG DANKE REF00090";"Ausgang";"DE02120300000000202051";"-27,16";"";"";""
"20.04.25";"20.04.25";"Gebucht";"Max Mustermann";"FitX Deutschland GmbH";"MITGLIEDSBEITRAG FITNESS 04/2025 REF00079";"Ausgang";"DE02120300000000202051";"-29,90";"";"";""
"22.04.25";"22.04.25";"Gebucht";"Max Mustermann";"EDEKA Center";"KARTENZAHLUNG DANKE REF00094";"Ausgang";"DE02120300000000202051";"-50,23";"";"";""
"23.04.25";"23.04.25";"Gebucht";"Max Mustermann";"LIDL Dienstleistung";"KARTENZAHLUNG DANKE REF00086";"Ausgang";"DE02120300000000202051";"-35,12";"";"";""
"23.04.25";"23.04.25";"Gebucht";"Max Mustermann";"EDEKA Center";"KARTENZAHLUNG DANKE REF00091";"Ausgang";"DE02120300000000202051";"-62,91";"";"";""
"25.04.25";"25.04.25";"Gebucht";"Max Mustermann";"ALDI SUED";"KARTENZAHLUNG DANKE REF00083";"Ausgang";"DE02120300000000202051";"-18,94";"";"";""
"25.04.25";"25.04.25";"Gebucht";"Max Mustermann";"Trade Republic Bank GmbH";"SPARPLAN ETF MSCI WORLD 04/2025 REF00080";"Ausgang";"DE02120300000000202051";"-200,00";"";"";""
"27.04.25";"27.04.25";"Gebucht";"Max Mustermann";"Sparkasse Hanau";"ENTGELT KONTOFUEHRUNG 04/2025 REF00082";"Ausgang";"DE02120300000000202051";"-4,90";"";"";""
"28.04.25";"28.04.25";"Gebucht";"Max Mustermann";"Lieferando.de";"BESTELLUNG DANKE REF00098";"Ausgang";"DE02120300000000202051";"-46,18";"";"";""
"28.04.25";"28.04.25";"Gebucht";"Acme Software GmbH";"Max Mustermann";"GEHALT 04/2025 REF00074";"Eingang";"DE02120300000000202051";"2850,00";"";"";""
"01.05.25";"01.05.25";"Gebucht";"Max Mustermann";"Wohnbau Hanau GmbH";"MIETE BERGSTRASSE 3 05/2025 REF00104";"Ausgang";"DE02120300000000202051";"-980,00";"";"";""
"02.05.25";"02.05.25";"Gebucht";"Max Mustermann";"REWE Markt GmbH";"KARTENZAHLUNG DANKE REF00113";"Ausgang";"DE02120300000000202051";"-64,74";"";"";""
"03.05.25";"03.05.25";"Gebucht";"Max Mustermann";"Stadtwerke Hanau";"ABSCHLAG STROM GAS 05/2025 REF00105";"Ausgang";"DE02120300000000202051";"-128,00";"";"";""
"03.05.25";"03.05.25";"Gebucht";"Max Mustermann";"EDEKA Center";"KARTENZAHLUNG DANKE REF00114";"Ausgang";"DE02120300000000202051";"-88,59";"";"";""
"03.05.25";"03.05.25";"Gebucht";"Max Mustermann";"AMAZON EU S.A R.L.";"ONLINE EINKAUF REF00125";"Ausgang";"DE02120300000000202051";"-120,67";"";"";""
"06.05.25";"06.05.25";"Gebucht";"Max Mustermann";"ALDI SUED";"KARTENZAHLUNG DANKE REF00115";"Ausgang";"DE02120300000000202051";"-43,36";"";"";""
"06.05.25";"06.05.25";"Gebucht";"Max Mustermann";"ALDI SUED";"KARTENZAHLUNG DANKE REF00117";"Ausgang";"DE02120300000000202051";"-40,97";"";"";""
"06.05.25";"06.05.25";"Gebucht";"Max Mustermann";"MediaMarkt";"ONLINE EINKAUF REF00124";"Ausgang";"DE02120300000000202051";"-17,39";"";"";""
"07.05.25";"07.05.25";"Gebucht";"Max Mustermann";"Lieferando.de";"BESTELLUNG DANKE REF00120";"Ausgang";"DE02120300000000202051";"-24,13";"";"";""
"07.05.25";"07.05.25";"Gebucht";"Max Mustermann";"REWE Markt GmbH";"KARTENZAHLUNG DANKE REF00116";"Ausgang";"DE02120300000000202051";"-83,22";"";"";""
"07.05.25";"07.05.25";"Gebucht";"Max Mustermann";"Spotify AB";"SPOTIFY PREMIUM 05/2025 REF00107";"Ausgang";"DE02120300000000202051";"-10,99";"";"";""
"09.05.25";"09.05.25";"Gebucht";"Max Mustermann";"ALDI SUED";"KARTENZAHLUNG DANKE REF00118";"Ausgang";"DE02120300000000202051";"-88,61";"";"";""
"10.05.25";"10.05.25";"Gebucht";"Max Mustermann";"ALDI SUED";"KARTENZAHLUNG DANKE REF00119";"Ausgang";"DE02120300000000202051";"-44,80";"";"";""
"15.05.25";"15.05.25";"Gebucht";"Max Mustermann";"REWE Markt GmbH";"KARTENZAHLUNG DANKE REF00112";"Ausgang";"DE02120300000000202051";"-78,30";"";"";""
"15.05.25";"15.05.25";"Gebucht";"Max Mustermann";"NETFLIX INTERNATIONAL B.V.";"NETFLIX ABO 05/2025 REF00106";"Ausgang";"DE02120300000000202051";"-13,99";"";"";""
"17.05.25";"17.05.25";"Gebucht";"Max Mustermann";"MediaMarkt";"ONLINE EINKAUF REF00123";"Ausgang";"DE02120300000000202051";"-129,52";"";"";""
"18.05.25";"18.05.25";"Gebucht";"Max Mustermann";"Telekom Deutschland GmbH";"MOBILFUNK RECHNUNG 05/2025 REF00110";"Ausgang";"DE02120300000000202051";"-19,99";"";"";""
"19.05.25";"19.05.25";"Gebucht";"Max Mustermann";"Lieferando.de";"BESTELLUNG DANKE REF00121";"Ausgang";"DE02120300000000202051";"-46,52";"";"";""
"19.05.25";"19.05.25";"Gebucht";"Max Mustermann";"DB Vertrieb GmbH";"FAHRKARTE DEUTSCHE BAHN REF00127";"Ausgang";"DE02120300000000202051";"-31,00";"";"";""
"20.05.25";"20.05.25";"Gebucht";"Max Mustermann";"FitX Deutschland GmbH";"MITGLIEDSBEITRAG FITNESS 05/2025 REF00108";"Ausgang";"DE02120300000000202051";"-29,90";"";"";""
"22.05.25";"22.05.25";"Gebucht";"Max Mustermann";"Geldautomat Sparkasse";"BARGELDAUSZAHLUNG REF00126";"Ausgang";"DE02120300000000202051";"-50,00";"";"";""
"24.05.25";"24.05.25";"Gebucht";"Max Mustermann";"Lieferando.de";"BESTELLUNG DANKE REF00122";"Ausgang";"DE02120300000000202051";"-24,99";"";"";""
"25.05.25";"25.05.25";"Gebucht";"Max Mustermann";"Trade Republic Bank GmbH";"SPARPLAN ETF MSCI WORLD 05/2025 REF00109";"Ausgang";"DE02120300000000202051";"-200,00";"";"";""
"27.05.25";"27.05.25";"Gebucht";"Max Mustermann";"Sparkasse Hanau";"ENTGELT KONTOFUEHRUNG 05/2025 REF00111";"Ausgang";"DE02120300000000202051";"-4,90";"";"";""
"28.05.25";"28.05.25";"Gebucht";"Acme Software GmbH";"Max Mustermann";"GEHALT 05/2025 REF00103";"Eingang";"DE02120300000000202051";"2850,00";"";"";""
"01.06.25";"01.06.25";"Gebucht";"Max Mustermann";"REWE Markt GmbH";"KARTENZAHLUNG DANKE REF00142";"Ausgang";"DE02120300000000202051";"-47,87";"";"";""
"01.06.25";"01.06.25";"Gebucht";"Max Mustermann";"Wohnbau Hanau GmbH";"MIETE BERGSTRASSE 3 06/2025 REF00129";"Ausgang";"DE02120300000000202051";"-980,00";"";"";""
"03.06.25";"03.06.25";"Gebucht";"Max Mustermann";"Stadtwerke Hanau";"ABSCHLAG STROM GAS 06/2025 REF00130";"Ausgang";"DE02120300000000202051";"-128,00";"";"";""
"03.06.25";"03.06.25";"Gebucht";"Max Mustermann";"LIDL Dienstleistung";"KARTENZAHLUNG DANKE REF00137";"Ausgang";"DE02120300000000202051";"-44,47";"";"";""
"03.06.25";"03.06.25";"Gebucht";"Max Mustermann";"LIDL Dienstleistung";"KARTENZAHLUNG DANKE REF00143";"Ausgang";"DE02120300000000202051";"-54,77";"";"";""
"05.06.25";"05.06.25";"Gebucht";"Max Mustermann";"Lieferando.de";"BESTELLUNG DANKE REF00149";"Ausgang";"DE02120300000000202051";"-22,49";"";"";""
"05.06.25";"05.06.25";"Gebucht";"Max Mustermann";"REWE Markt GmbH";"KARTENZAHLUNG DANKE REF00144";"Ausgang";"DE02120300000000202051";"-89,19";"";"";""
"07.06.25";"07.06.25";"Gebucht";"Max Mustermann";"Zalando SE";"ONLINE EINKAUF REF00152";"Ausgang";"DE02120300000000202051";"-99,37";"";"";""
"07.06.25";"07.06.25";"Gebucht";"Max Mustermann";"Spotify AB";"SPOTIFY PREMIUM 06/2025 REF00132";"Ausgang";"DE02120300000000202051";"-10,99";"";"";""
"08.06.25";"08.06.25";"Gebucht";"Max Mustermann";"EDEKA Center";"KARTENZAHLUNG DANKE REF00139";"Ausgang";"DE02120300000000202051";"-31,11";"";"";""
"08.06.25";"08.06.25";"Gebucht";"Max Mustermann";"EDEKA Center";"KARTENZAHLUNG DANKE REF00145";"Ausgang";"DE02120300000000202051";"-40,15";"";"";""
"09.06.25";"09.06.25";"Gebucht";"Max Mustermann";"Geldautomat Sparkasse";"BARGELDAUSZAHLUNG REF00153";"Ausgang";"DE02120300000000202051";"-50,00";"";"";""
"09.06.25";"09.06.25";"Gebucht";"Max Mustermann";"LIDL Dienstleistung";"KARTENZAHLUNG DANKE REF00138";"Ausgang";"DE02120300000000202051";"-25,77";"";"";""
"11.06.25";"11.06.25";"Gebucht";"Max Mustermann";"dm-drogerie markt";"EINKAUF DROGERIE REF00155";"Ausgang";"DE02120300000000202051";"-35,84";"";"";""
"11.06.25";"11.06.25";"Gebucht";"Max Mustermann";"REWE Markt GmbH";"KARTENZAHLUNG DANKE REF00141";"Ausgang";"DE02120300000000202051";"-88,82";"";"";""
"14.06.25";"14.06.25";"Gebucht";"Max Mustermann";"DB Vertrieb GmbH";"FAHRKARTE DEUTSCHE BAHN REF00154";"Ausgang";"DE02120300000000202051";"-68,91";"";"";""
"15.06.25";"15.06.25";"Gebucht";"Max Mustermann";"LIDL Dienstleistung";"KARTENZAHLUNG DANKE REF00146";"Ausgang";"DE02120300000000202051";"-80,54";"";"";""
"15.06.25";"15.06.25";"Gebucht";"Max Mustermann";"NETFLIX INTERNATIONAL B.V.";"NETFLIX ABO 06/2025 REF00131";"Ausgang";"DE02120300000000202051";"-13,99";"";"";""
"18.06.25";"18.06.25";"Gebucht";"Max Mustermann";"Telekom Deutschland GmbH";"MOBILFUNK RECHNUNG 06/2025 REF00135";"Ausgang";"DE02120300000000202051";"-19,99";"";"";""
"20.06.25";"20.06.25";"Gebucht";"Max Mustermann";"REWE Markt GmbH";"KARTENZAHLUNG DANKE REF00147";"Ausgang";"DE02120300000000202051";"-93,60";"";"";""
"20.06.25";"20.06.25";"Gebucht";"Max Mustermann";"FitX Deutschland GmbH";"MITGLIEDSBEITRAG FITNESS 06/2025 REF00133";"Ausgang";"DE02120300000000202051";"-29,90";"";"";""
"20.06.25";"20.06.25";"Gebucht";"Max Mustermann";"Zalando SE";"ONLINE EINKAUF REF00151";"Ausgang";"DE02120300000000202051";"-37,38";"";"";""
"22.06.25";"22.06.25";"Gebucht";"Max Mustermann";"ALDI SUED";"KARTENZAHLUNG DANKE REF00140";"Ausgang";"DE02120300000000202051";"-64,16";"";"";""
"22.06.25";"22.06.25";"Gebucht";"Max Mustermann";"LIDL Dienstleistung";"KARTENZAHLUNG DANKE REF00148";"Ausgang";"DE02120300000000202051";"-79,09";"";"";""
"24.06.25";"24.06.25";"Gebucht";"Max Mustermann";"Cafe Central";"BESTELLUNG DANKE REF00150";"Ausgang";"DE02120300000000202051";"-37,21";"";"";""
"25.06.25";"25.06.25";"Gebucht";"Max Mustermann";"Trade Republic Bank GmbH";"SPARPLAN ETF MSCI WORLD 06/2025 REF00134";"Ausgang";"DE02120300000000202051";"-200,00";"";"";""
"27.06.25";"27.06.25";"Gebucht";"Max Mustermann";"Sparkasse Hanau";"ENTGELT KONTOFUEHRUNG 06/2025 REF00136";"Ausgang";"DE02120300000000202051";"-4,90";"";"";""
"28.06.25";"28.06.25";"Gebucht";"Acme Software GmbH";"Max Mustermann";"GEHALT 06/2025 REF00128";"Eingang";"DE02120300000000202051";"2850,00";"";"";""
"01.07.25";"01.07.25";"Gebucht";"Max Mustermann";"Cafe Central";"BESTELLUNG DANKE REF00175";"Ausgang";"DE02120300000000202051";"-18,15";"";"";""
"01.07.25";"01.07.25";"Gebucht";"Max Mustermann";"Wohnbau Hanau GmbH";"MIETE BERGSTRASSE 3 07/2025 REF00157";"Ausgang";"DE02120300000000202051";"-980,00";"";"";""
"03.07.25";"03.07.25";"Gebucht";"Max Mustermann";"Stadtwerke Hanau";"ABSCHLAG STROM GAS 07/2025 REF00158";"Ausgang";"DE02120300000000202051";"-128,00";"";"";""
"06.07.25";"06.07.25";"Gebucht";"Max Mustermann";"ALDI SUED";"KARTENZAHLUNG DANKE REF00165";"Ausgang";"DE02120300000000202051";"-72,49";"";"";""
"07.07.25";"07.07.25";"Gebucht";"Max Mustermann";"Spotify AB";"SPOTIFY PREMIUM 07/2025 REF00160";"Ausgang";"DE02120300000000202051";"-10,99";"";"";""
"08.07.25";"08.07.25";"Gebucht";"Max Mustermann";"McDonalds Deutschland";"BESTELLUNG DANKE REF00179";"Ausgang";"DE02120300000000202051";"-19,18";"";"";""
"08.07.25";"08.07.25";"Gebucht";"Max Mustermann";"AMAZON EU S.A R.L.";"ONLINE EINKAUF REF00181";"Ausgang";"DE02120300000000202051";"-13,08";"";"";""
"09.07.25";"09.07.25";"Gebucht";"Max Mustermann";"Geldautomat Sparkasse";"BARGELDAUSZAHLUNG REF00182";"Ausgang";"DE02120300000000202051";"-50,00";"";"";""
"09.07.25";"09.07.25";"Gebucht";"Max Mustermann";"Lieferando.de";"BESTELLUNG DANKE REF00177";"Ausgang";"DE02120300000000202051";"-17,12";"";"";""
"10.07.25";"10.07.25";"Gebucht";"Max Mustermann";"AMAZON EU S.A R.L.";"ONLINE EINKAUF REF00180";"Ausgang";"DE02120300000000202051";"-116,67";"";"";""
"12.07.25";"12.07.25";"Gebucht";"Max Mustermann";"REWE Markt GmbH";"KARTENZAHLUNG DANKE REF00170";"Ausgang";"DE02120300000000202051";"-86,21";"";"";""
"12.07.25";"12.07.25";"Gebucht";"Max Mustermann";"EDEKA Center";"KARTENZAHLUNG DANKE REF00171";"Ausgang";"DE02120300000000202051";"-26,28";"";"";""
"13.07.25";"13.07.25";"Gebucht";"Max Mustermann";"McDonalds Deutschland";"BESTELLUNG DANKE REF00178";"Ausgang";"DE02120300000000202051";"-53,48";"";"";""
"14.07.25";"14.07.25";"Gebucht";"Max Mustermann";"LIDL Dienstleistung";"KARTENZAHLUNG DANKE REF00169";"Ausgang";"DE02120300000000202051";"-19,09";"";"";""
"15.07.25";"15.07.25";"Gebucht";"Max Mustermann";"NETFLIX INTERNATIONAL B.V.";"NETFLIX ABO 07/2025 REF00159";"Ausgang";"DE02120300000000202051";"-13,99";"";"";""
"18.07.25";"18.07.25";"Gebucht";"Max Mustermann";"REWE Markt GmbH";"KARTENZAHLUNG DANKE REF00166";"Ausgang";"DE02120300000000202051";"-8,84";"";"";""
"18.07.25";"18.07.25";"Gebucht";"Max Mustermann";"Telekom Deutschland GmbH";"MOBILFUNK RECHNUNG 07/2025 REF00163";"Ausgang";"DE02120300000000202051";"-19,99";"";"";""
"20.07.25";"20.07.25";"Gebucht";"Max Mustermann";"EDEKA Center";"KARTENZAHLUNG DANKE REF00173";"Ausgang";"DE02120300000000202051";"-73,20";"";"";""
"20.07.25";"20.07.25";"Gebucht";"Max Mustermann";"FitX Deutschland GmbH";"MITGLIEDSBEITRAG FITNESS 07/2025 REF00161";"Ausgang";"DE02120300000000202051";"-29,90";"";"";""
"21.07.25";"21.07.25";"Gebucht";"Max Mustermann";"dm-drogerie markt";"EINKAUF DROGERIE REF00183";"Ausgang";"DE02120300000000202051";"-25,38";"";"";""
"22.07.25";"22.07.25";"Gebucht";"Max Mustermann";"ALDI SUED";"KARTENZAHLUNG DANKE REF00172";"Ausgang";"DE02120300000000202051";"-16,94";"";"";""
"23.07.25";"23.07.25";"Gebucht";"Max Mustermann";"REWE Markt GmbH";"KARTENZAHLUNG DANKE REF00167";"Ausgang";"DE02120300000000202051";"-86,64";"";"";""
"25.07.25";"25.07.25";"Gebucht";"Max Mustermann";"Trade Republic Bank GmbH";"SPARPLAN ETF MSCI WORLD 07/2025 REF00162";"Ausgang";"DE02120300000000202051";"-200,00";"";"";""
"26.07.25";"26.07.25";"Gebucht";"Max Mustermann";"Pizzeria Bella Italia";"BESTELLUNG DANKE REF00176";"Ausgang";"DE02120300000000202051";"-56,47";"";"";""
"27.07.25";"27.07.25";"Gebucht";"Max Mustermann";"Sparkasse Hanau";"ENTGELT KONTOFUEHRUNG 07/2025 REF00164";"Ausgang";"DE02120300000000202051";"-4,90";"";"";""
"27.07.25";"27.07.25";"Gebucht";"Max Mustermann";"EDEKA Center";"KARTENZAHLUNG DANKE REF00168";"Ausgang";"DE02120300000000202051";"-40,12";"";"";""
"28.07.25";"28.07.25";"Gebucht";"Acme Software GmbH";"Max Mustermann";"GEHALT 07/2025 REF00156";"Eingang";"DE02120300000000202051";"2850,00";"";"";""
"28.07.25";"28.07.25";"Gebucht";"Max Mustermann";"EDEKA Center";"KARTENZAHLUNG DANKE REF00174";"Ausgang";"DE02120300000000202051";"-22,14";"";"";""
"01.08.25";"01.08.25";"Gebucht";"Max Mustermann";"EDEKA Center";"KARTENZAHLUNG DANKE REF00200";"Ausgang";"DE02120300000000202051";"-53,23";"";"";""
"01.08.25";"01.08.25";"Gebucht";"Max Mustermann";"Wohnbau Hanau GmbH";"MIETE BERGSTRASSE 3 08/2025 REF00185";"Ausgang";"DE02120300000000202051";"-980,00";"";"";""
"02.08.25";"02.08.25";"Gebucht";"Max Mustermann";"ALDI SUED";"KARTENZAHLUNG DANKE REF00195";"Ausgang";"DE02120300000000202051";"-17,43";"";"";""
"03.08.25";"03.08.25";"Gebucht";"Max Mustermann";"Stadtwerke Hanau";"ABSCHLAG STROM GAS 08/2025 REF00186";"Ausgang";"DE02120300000000202051";"-128,00";"";"";""
"07.08.25";"07.08.25";"Gebucht";"Max Mustermann";"MediaMarkt";"ONLINE EINKAUF REF00209";"Ausgang";"DE02120300000000202051";"-65,89";"";"";""
"07.08.25";"07.08.25";"Gebucht";"Max Mustermann";"Spotify AB";"SPOTIFY PREMIUM 08/2025 REF00188";"Ausgang";"DE02120300000000202051";"-10,99";"";"";""
"09.08.25";"09.08.25";"Gebucht";"Max Mustermann";"LIDL Dienstleistung";"KARTENZAHLUNG DANKE REF00194";"Ausgang";"DE02120300000000202051";"-23,54";"";"";""
"09.08.25";"09.08.25";"Gebucht";"Max Mustermann";"ALDI SUED";"KARTENZAHLUNG DANKE REF00199";"Ausgang";"DE02120300000000202051";"-11,86";"";"";""
"11.08.25";"11.08.25";"Gebucht";"Max Mustermann";"REWE Markt GmbH";"KARTENZAHLUNG DANKE REF00193";"Ausgang";"DE02120300000000202051";"-89,71";"";"";""
"12.08.25";"12.08.25";"Gebucht";"Max Mustermann";"LIDL Dienstleistung";"KARTENZAHLUNG DANKE REF00196";"Ausgang";"DE02120300000000202051";"-71,38";"";"";""
"12.08.25";"12.08.25";"Gebucht";"Max Mustermann";"LIDL Dienstleistung";"KARTENZAHLUNG DANKE REF00201";"Ausgang";"DE02120300000000202051";"-45,52";"";"";""
"13.08.25";"13.08.25";"Gebucht";"Max Mustermann";"EDEKA Center";"KARTENZAHLUNG DANKE REF00198";"Ausgang";"DE02120300000000202051";"-86,26";"";"";""
"14.08.25";"14.08.25";"Gebucht";"Max Mustermann";"REWE Markt GmbH";"KARTENZAHLUNG DANKE REF00197";"Ausgang";"DE02120300000000202051";"-60,74";"";"";""
"15.08.25";"15.08.25";"Gebucht";"Max Mustermann";"NETFLIX INTERNATIONAL B.V.";"NETFLIX ABO 08/2025 REF00187";"Ausgang";"DE02120300000000202051";"-13,99";"";"";""
"18.08.25";"18.08.25";"Gebucht";"Max Mustermann";"McDonalds Deutschland";"BESTELLUNG DANKE REF00205";"Ausgang";"DE02120300000000202051";"-15,49";"";"";""
"18.08.25";"18.08.25";"Gebucht";"Max Mustermann";"Cafe Central";"BESTELLUNG DANKE REF00208";"Ausgang";"DE02120300000000202051";"-51,52";"";"";""
"18.08.25";"18.08.25";"Gebucht";"Max Mustermann";"Telekom Deutschland GmbH";"MOBILFUNK RECHNUNG 08/2025 REF00191";"Ausgang";"DE02120300000000202051";"-19,99";"";"";""
"20.08.25";"20.08.25";"Gebucht";"Max Mustermann";"McDonalds Deutschland";"BESTELLUNG DANKE REF00207";"Ausgang";"DE02120300000000202051";"-38,02";"";"";""
"20.08.25";"20.08.25";"Gebucht";"Max Mustermann";"REWE Markt GmbH";"KARTENZAHLUNG DANKE REF00202";"Ausgang";"DE02120300000000202051";"-35,31";"";"";""
"20.08.25";"20.08.25";"Gebucht";"Max Mustermann";"FitX Deutschland GmbH";"MITGLIEDSBEITRAG FITNESS 08/2025 REF00189";"Ausgang";"DE02120300000000202051";"-29,90";"";"";""
"20.08.25";"20.08.25";"Gebucht";"Max Mustermann";"Zalando SE";"ONLINE EINKAUF REF00210";"Ausgang";"DE02120300000000202051";"-95,11";"";"";""
"22.08.25";"22.08.25";"Gebucht";"Max Mustermann";"Geldautomat Sparkasse";"BARGELDAUSZAHLUNG REF00211";"Ausgang";"DE02120300000000202051";"-50,00";"";"";""
"22.08.25";"22.08.25";"Gebucht";"Max Mustermann";"Pizzeria Bella Italia";"BESTELLUNG DANKE REF00206";"Ausgang";"DE02120300000000202051";"-56,96";"";"";""
"22.08.25";"22.08.25";"Gebucht";"Max Mustermann";"ALDI SUED";"KARTENZAHLUNG DANKE REF00204";"Ausgang";"DE02120300000000202051";"-43,53";"";"";""
"24.08.25";"24.08.25";"Gebucht";"Max Mustermann";"LIDL Dienstleistung";"KARTENZAHLUNG DANKE REF00203";"Ausgang";"DE02120300000000202051";"-86,30";"";"";""
"25.08.25";"25.08.25";"Gebucht";"Max Mustermann";"Trade Republic Bank GmbH";"SPARPLAN ETF MSCI WORLD 08/2025 REF00190";"Ausgang";"DE02120300000000202051";"-200,00";"";"";""
"27.08.25";"27.08.25";"Gebucht";"Max Mustermann";"Sparkasse Hanau";"ENTGELT KONTOFUEHRUNG 08/2025 REF00192";"Ausgang";"DE02120300000000202051";"-4,90";"";"";""
"28.08.25";"28.08.25";"Gebucht";"Acme Software GmbH";"Max Mustermann";"GEHALT 08/2025 REF00184";"Eingang";"DE02120300000000202051";"2850,00";"";"";""
"01.09.25";"01.09.25";"Gebucht";"Max Mustermann";"Wohnbau Hanau GmbH";"MIETE BERGSTRASSE 3 09/2025 REF00213";"Ausgang";"DE02120300000000202051";"-980,00";"";"";""
"02.09.25";"02.09.25";"Gebucht";"Max Mustermann";"Lieferando.de";"BESTELLUNG DANKE REF00231";"Ausgang";"DE02120300000000202051";"-37,43";"";"";""
"03.09.25";"03.09.25";"Gebucht";"Max Mustermann";"Stadtwerke Hanau";"ABSCHLAG STROM GAS 09/2025 REF00214";"Ausgang";"DE02120300000000202051";"-128,00";"";"";""
"03.09.25";"03.09.25";"Gebucht";"Max Mustermann";"EDEKA Center";"KARTENZAHLUNG DANKE REF00222";"Ausgang";"DE02120300000000202051";"-79,20";"";"";""
"05.09.25";"05.09.25";"Gebucht";"Max Mustermann";"EDEKA Center";"KARTENZAHLUNG DANKE REF00224";"Ausgang";"DE02120300000000202051";"-10,13";"";"";""
"06.09.25";"06.09.25";"Gebucht";"Max Mustermann";"Zalando SE";"ONLINE EINKAUF REF00235";"Ausgang";"DE02120300000000202051";"-106,68";"";"";""
"07.09.25";"07.09.25";"Gebucht";"Max Mustermann";"Spotify AB";"SPOTIFY PREMIUM 09/2025 REF00216";"Ausgang";"DE02120300000000202051";"-10,99";"";"";""
"08.09.25";"08.09.25";"Gebucht";"Max Mustermann";"Geldautomat Sparkasse";"BARGELDAUSZAHLUNG REF00238";"Ausgang";"DE02120300000000202051";"-100,00";"";"";""
"08.09.25";"08.09.25";"Gebucht";"Max Mustermann";"McDonalds Deutschland";"BESTELLUNG DANKE REF00230";"Ausgang";"DE02120300000000202051";"-17,97";"";"";""
"11.09.25";"11.09.25";"Gebucht";"Max Mustermann";"dm-drogerie markt";"EINKAUF DROGERIE REF00240";"Ausgang";"DE02120300000000202051";"-40,72";"";"";""
"13.09.25";"13.09.25";"Gebucht";"Max Mustermann";"REWE Markt GmbH";"KARTENZAHLUNG DANKE REF00228";"Ausgang";"DE02120300000000202051";"-29,23";"";"";""
"15.09.25";"15.09.25";"Gebucht";"Max Mustermann";"McDonalds Deutschland";"BESTELLUNG DANKE REF00232";"Ausgang";"DE02120300000000202051";"-15,80";"";"";""
"15.09.25";"15.09.25";"Gebucht";"Max Mustermann";"EDEKA Center";"KARTENZAHLUNG DANKE REF00226";"Ausgang";"DE02120300000000202051";"-44,06";"";"";""
"15.09.25";"15.09.25";"Gebucht";"Max Mustermann";"NETFLIX INTERNATIONAL B.V.";"NETFLIX ABO 09/2025 REF00215";"Ausgang";"DE02120300000000202051";"-13,99";"";"";""
"15.09.25";"15.09.25";"Gebucht";"Max Mustermann";"AMAZON EU S.A R.L.";"ONLINE EINKAUF REF00236";"Ausgang";"DE02120300000000202051";"-43,69";"";"";""
"16.09.25";"16.09.25";"Gebucht";"Max Mustermann";"REWE Markt GmbH";"KARTENZAHLUNG DANKE REF00225";"Ausgang";"DE02120300000000202051";"-61,18";"";"";""
"18.09.25";"18.09.25";"Gebucht";"Max Mustermann";"Telekom Deutschland GmbH";"MOBILFUNK RECHNUNG 09/2025 REF00219";"Ausgang";"DE02120300000000202051";"-19,99";"";"";""
"20.09.25";"20.09.25";"Gebucht";"Max Mustermann";"FitX Deutschland GmbH";"MITGLIEDSBEITRAG FITNESS 09/2025 REF00217";"Ausgang";"DE02120300000000202051";"-29,90";"";"";""
"22.09.25";"22.09.25";"Gebucht";"Max Mustermann";"Cafe Central";"BESTELLUNG DANKE REF00233";"Ausgang";"DE02120300000000202051";"-36,09";"";"";""
"22.09.25";"22.09.25";"Gebucht";"Max Mustermann";"LIDL Dienstleistung";"KARTENZAHLUNG DANKE REF00221";"Ausgang";"DE02120300000000202051";"-15,38";"";"";""
"22.09.25";"22.09.25";"Gebucht";"Max Mustermann";"EDEKA Center";"KARTENZAHLUNG DANKE REF00223";"Ausgang";"DE02120300000000202051";"-35,01";"";"";""
"23.09.25";"23.09.25";"Gebucht";"Max Mustermann";"DB Vertrieb GmbH";"FAHRKARTE DEUTSCHE BAHN REF00239";"Ausgang";"DE02120300000000202051";"-33,57";"";"";""
"23.09.25";"23.09.25";"Gebucht";"Max Mustermann";"ALDI SUED";"KARTENZAHLUNG DANKE REF00227";"Ausgang";"DE02120300000000202051";"-68,58";"";"";""
"25.09.25";"25.09.25";"Gebucht";"Max Mustermann";"McDonalds Deutschland";"BESTELLUNG DANKE REF00234";"Ausgang";"DE02120300000000202051";"-54,46";"";"";""
"25.09.25";"25.09.25";"Gebucht";"Max Mustermann";"REWE Markt GmbH";"KARTENZAHLUNG DANKE REF00229";"Ausgang";"DE02120300000000202051";"-82,86";"";"";""
"25.09.25";"25.09.25";"Gebucht";"Max Mustermann";"Trade Republic Bank GmbH";"SPARPLAN ETF MSCI WORLD 09/2025 REF00218";"Ausgang";"DE02120300000000202051";"-200,00";"";"";""
"27.09.25";"27.09.25";"Gebucht";"Max Mustermann";"Sparkasse Hanau";"ENTGELT KONTOFUEHRUNG 09/2025 REF00220";"Ausgang";"DE02120300000000202051";"-4,90";"";"";""
"27.09.25";"27.09.25";"Gebucht";"Max Mustermann";"MediaMarkt";"ONLINE EINKAUF REF00237";"Ausgang";"DE02120300000000202051";"-92,90";"";"";""
"28.09.25";"28.09.25";"Gebucht";"Acme Software GmbH";"Max Mustermann";"GEHALT 09/2025 REF00212";"Eingang";"DE02120300000000202051";"2850,00";"";"";""
"01.10.25";"01.10.25";"Gebucht";"Max Mustermann";"Geldautomat Sparkasse";"BARGELDAUSZAHLUNG REF00265";"Ausgang";"DE02120300000000202051";"-50,00";"";"";""
"01.10.25";"01.10.25";"Gebucht";"Max Mustermann";"Wohnbau Hanau GmbH";"MIETE BERGSTRASSE 3 10/2025 REF00242";"Ausgang";"DE02120300000000202051";"-980,00";"";"";""
"01.10.25";"01.10.25";"Gebucht";"Max Mustermann";"MediaMarkt";"ONLINE EINKAUF REF00264";"Ausgang";"DE02120300000000202051";"-127,90";"";"";""
"03.10.25";"03.10.25";"Gebucht";"Max Mustermann";"Stadtwerke Hanau";"ABSCHLAG STROM GAS 10/2025 REF00243";"Ausgang";"DE02120300000000202051";"-128,00";"";"";""
"03.10.25";"03.10.25";"Gebucht";"Max Mustermann";"LIDL Dienstleistung";"KARTENZAHLUNG DANKE REF00252";"Ausgang";"DE02120300000000202051";"-44,09";"";"";""
"05.10.25";"05.10.25";"Gebucht";"Max Mustermann";"ALDI SUED";"KARTENZAHLUNG DANKE REF00250";"Ausgang";"DE02120300000000202051";"-21,12";"";"";""
"05.10.25";"05.10.25";"Gebucht";"Max Mustermann";"MediaMarkt";"ONLINE EINKAUF REF00263";"Ausgang";"DE02120300000000202051";"-137,49";"";"";""
"07.10.25";"07.10.25";"Gebucht";"Max Mustermann";"ALDI SUED";"KARTENZAHLUNG DANKE REF00254";"Ausgang";"DE02120300000000202051";"-80,46";"";"";""
"07.10.25";"07.10.25";"Gebucht";"Max Mustermann";"Spotify AB";"SPOTIFY PREMIUM 10/2025 REF00245";"Ausgang";"DE02120300000000202051";"-10,99";"";"";""
"15.10.25";"15.10.25";"Gebucht";"Max Mustermann";"dm-drogerie markt";"EINKAUF DROGERIE REF00266";"Ausgang";"DE02120300000000202051";"-12,27";"";"";""
"15.10.25";"15.10.25";"Gebucht";"Max Mustermann";"NETFLIX INTERNATIONAL B.V.";"NETFLIX ABO 10/2025 REF00244";"Ausgang";"DE02120300000000202051";"-13,99";"";"";""
"16.10.25";"16.10.25";"Gebucht";"Max Mustermann";"McDonalds Deutschland";"BESTELLUNG DANKE REF00260";"Ausgang";"DE02120300000000202051";"-20,19";"";"";""
"16.10.25";"16.10.25";"Gebucht";"Max Mustermann";"Cafe Central";"BESTELLUNG DANKE REF00261";"Ausgang";"DE02120300000000202051";"-10,48";"";"";""
"16.10.25";"16.10.25";"Gebucht";"Max Mustermann";"LIDL Dienstleistung";"KARTENZAHLUNG DANKE REF00257";"Ausgang";"DE02120300000000202051";"-8,51";"";"";""
"18.10.25";"18.10.25";"Gebucht";"Max Mustermann";"Pizzeria Bella Italia";"BESTELLUNG DANKE REF00259";"Ausgang";"DE02120300000000202051";"-47,12";"";"";""
"18.10.25";"18.10.25";"Gebucht";"Max Mustermann";"REWE Markt GmbH";"KARTENZAHLUNG DANKE REF00253";"Ausgang";"DE02120300000000202051";"-48,54";"";"";""
"18.10.25";"18.10.25";"Gebucht";"Max Mustermann";"Telekom Deutschland GmbH";"MOBILFUNK RECHNUNG 10/2025 REF00248";"Ausgang";"DE02120300000000202051";"-19,99";"";"";""
"20.10.25";"20.10.25";"Gebucht";"Max Mustermann";"FitX Deutschland GmbH";"MITGLIEDSBEITRAG FITNESS 10/2025 REF00246";"Ausgang";"DE02120300000000202051";"-29,90";"";"";""
"23.10.25";"23.10.25";"Gebucht";"Max Mustermann";"EDEKA Center";"KARTENZAHLUNG DANKE REF00251";"Ausgang";"DE02120300000000202051";"-21,29";"";"";""
"24.10.25";"24.10.25";"Gebucht";"Max Mustermann";"Zalando SE";"ONLINE EINKAUF REF00262";"Ausgang";"DE02120300000000202051";"-31,46";"";"";""
"25.10.25";"25.10.25";"Gebucht";"Max Mustermann";"McDonalds Deutschland";"BESTELLUNG DANKE REF00258";"Ausgang";"DE02120300000000202051";"-28,89";"";"";""
"25.10.25";"25.10.25";"Gebucht";"Max Mustermann";"REWE Markt GmbH";"KARTENZAHLUNG DANKE REF00255";"Ausgang";"DE02120300000000202051";"-58,81";"";"";""
"25.10.25";"25.10.25";"Gebucht";"Max Mustermann";"Trade Republic Bank GmbH";"SPARPLAN ETF MSCI WORLD 10/2025 REF00247";"Ausgang";"DE02120300000000202051";"-200,00";"";"";""
"27.10.25";"27.10.25";"Gebucht";"Max Mustermann";"Sparkasse Hanau";"ENTGELT KONTOFUEHRUNG 10/2025 REF00249";"Ausgang";"DE02120300000000202051";"-4,90";"";"";""
"28.10.25";"28.10.25";"Gebucht";"Acme Software GmbH";"Max Mustermann";"GEHALT 10/2025 REF00241";"Eingang";"DE02120300000000202051";"2850,00";"";"";""
"28.10.25";"28.10.25";"Gebucht";"Max Mustermann";"ALDI SUED";"KARTENZAHLUNG DANKE REF00256";"Ausgang";"DE02120300000000202051";"-84,62";"";"";""
"01.11.25";"01.11.25";"Gebucht";"Max Mustermann";"REWE Markt GmbH";"KARTENZAHLUNG DANKE REF00280";"Ausgang";"DE02120300000000202051";"-73,17";"";"";""
"01.11.25";"01.11.25";"Gebucht";"Max Mustermann";"Wohnbau Hanau GmbH";"MIETE BERGSTRASSE 3 11/2025 REF00268";"Ausgang";"DE02120300000000202051";"-980,00";"";"";""
"03.11.25";"03.11.25";"Gebucht";"Max Mustermann";"Stadtwerke Hanau";"ABSCHLAG STROM GAS 11/2025 REF00269";"Ausgang";"DE02120300000000202051";"-128,00";"";"";""
"06.11.25";"06.11.25";"Gebucht";"Max Mustermann";"Lieferando.de";"BESTELLUNG DANKE REF00287";"Ausgang";"DE02120300000000202051";"-39,90";"";"";""
"07.11.25";"07.11.25";"Gebucht";"Max Mustermann";"EDEKA Center";"KARTENZAHLUNG DANKE REF00284";"Ausgang";"DE02120300000000202051";"-81,01";"";"";""
"07.11.25";"07.11.25";"Gebucht";"Max Mustermann";"Spotify AB";"SPOTIFY PREMIUM 11/2025 REF00271";"Ausgang";"DE02120300000000202051";"-10,99";"";"";""
"08.11.25";"08.11.25";"Gebucht";"Max Mustermann";"REWE Markt GmbH";"KARTENZAHLUNG DANKE REF00285";"Ausgang";"DE02120300000000202051";"-18,98";"";"";""
"09.11.25";"09.11.25";"Gebucht";"Max Mustermann";"ALDI SUED";"KARTENZAHLUNG DANKE REF00278";"Ausgang";"DE02120300000000202051";"-73,42";"";"";""
"09.11.25";"09.11.25";"Gebucht";"Max Mustermann";"ALDI SUED";"KARTENZAHLUNG DANKE REF00279";"Ausgang";"DE02120300000000202051";"-80,64";"";"";""
"10.11.25";"10.11.25";"Gebucht";"Max Mustermann";"Geldautomat Sparkasse";"BARGELDAUSZAHLUNG REF00289";"Ausgang";"DE02120300000000202051";"-150,00";"";"";""
"11.11.25";"11.11.25";"Gebucht";"Max Mustermann";"ALDI SUED";"KARTENZAHLUNG DANKE REF00277";"Ausgang";"DE02120300000000202051";"-37,36";"";"";""
"12.11.25";"12.11.25";"Gebucht";"Max Mustermann";"REWE Markt GmbH";"KARTENZAHLUNG DANKE REF00281";"Ausgang";"DE02120300000000202051";"-27,51";"";"";""
"13.11.25";"13.11.25";"Gebucht";"Max Mustermann";"ALDI SUED";"KARTENZAHLUNG DANKE REF00276";"Ausgang";"DE02120300000000202051";"-36,48";"";"";""
"15.11.25";"15.11.25";"Gebucht";"Max Mustermann";"Cafe Central";"BESTELLUNG DANKE REF00286";"Ausgang";"DE02120300000000202051";"-44,67";"";"";""
"15.11.25";"15.11.25";"Gebucht";"Max Mustermann";"NETFLIX INTERNATIONAL B.V.";"NETFLIX ABO 11/2025 REF00270";"Ausgang";"DE02120300000000202051";"-13,99";"";"";""
"18.11.25";"18.11.25";"Gebucht";"Max Mustermann";"Telekom Deutschland GmbH";"MOBILFUNK RECHNUNG 11/2025 REF00274";"Ausgang";"DE02120300000000202051";"-19,99";"";"";""
"20.11.25";"20.11.25";"Gebucht";"Max Mustermann";"FitX Deutschland GmbH";"MITGLIEDSBEITRAG FITNESS 11/2025 REF00272";"Ausgang";"DE02120300000000202051";"-29,90";"";"";""
"25.11.25";"25.11.25";"Gebucht";"Max Mustermann";"Cafe Central";"BESTELLUNG DANKE REF00288";"Ausgang";"DE02120300000000202051";"-50,78";"";"";""
"25.11.25";"25.11.25";"Gebucht";"Max Mustermann";"REWE Markt GmbH";"KARTENZAHLUNG DANKE REF00282";"Ausgang";"DE02120300000000202051";"-91,28";"";"";""
"25.11.25";"25.11.25";"Gebucht";"Max Mustermann";"EDEKA Center";"KARTENZAHLUNG DANKE REF00283";"Ausgang";"DE02120300000000202051";"-10,70";"";"";""
"25.11.25";"25.11.25";"Gebucht";"Max Mustermann";"Trade Republic Bank GmbH";"SPARPLAN ETF MSCI WORLD 11/2025 REF00273";"Ausgang";"DE02120300000000202051";"-200,00";"";"";""
"27.11.25";"27.11.25";"Gebucht";"Max Mustermann";"Sparkasse Hanau";"ENTGELT KONTOFUEHRUNG 11/2025 REF00275";"Ausgang";"DE02120300000000202051";"-4,90";"";"";""
"28.11.25";"28.11.25";"Gebucht";"Acme Software GmbH";"Max Mustermann";"GEHALT 11/2025 REF00267";"Eingang";"DE02120300000000202051";"2850,00";"";"";""
"01.12.25";"01.12.25";"Gebucht";"Max Mustermann";"ALDI SUED";"KARTENZAHLUNG DANKE REF00305";"Ausgang";"DE02120300000000202051";"-81,91";"";"";""
"01.12.25";"01.12.25";"Gebucht";"Max Mustermann";"Wohnbau Hanau GmbH";"MIETE BERGSTRASSE 3 12/2025 REF00291";"Ausgang";"DE02120300000000202051";"-980,00";"";"";""
"03.12.25";"03.12.25";"Gebucht";"Max Mustermann";"Stadtwerke Hanau";"ABSCHLAG STROM GAS 12/2025 REF00292";"Ausgang";"DE02120300000000202051";"-128,00";"";"";""
"03.12.25";"03.12.25";"Gebucht";"Max Mustermann";"LIDL Dienstleistung";"KARTENZAHLUNG DANKE REF00304";"Ausgang";"DE02120300000000202051";"-52,02";"";"";""
"04.12.25";"04.12.25";"Gebucht";"Max Mustermann";"LIDL Dienstleistung";"KARTENZAHLUNG DANKE REF00300";"Ausgang";"DE02120300000000202051";"-68,66";"";"";""
"04.12.25";"04.12.25";"Gebucht";"Max Mustermann";"LIDL Dienstleistung";"KARTENZAHLUNG DANKE REF00306";"Ausgang";"DE02120300000000202051";"-45,72";"";"";""
"07.12.25";"07.12.25";"Gebucht";"Max Mustermann";"Spotify AB";"SPOTIFY PREMIUM 12/2025 REF00294";"Ausgang";"DE02120300000000202051";"-10,99";"";"";""
"09.12.25";"09.12.25";"Gebucht";"Max Mustermann";"Pizzeria Bella Italia";"BESTELLUNG DANKE REF00312";"Ausgang";"DE02120300000000202051";"-53,96";"";"";""
"11.12.25";"11.12.25";"Gebucht";"Max Mustermann";"Lieferando.de";"BESTELLUNG DANKE REF00311";"Ausgang";"DE02120300000000202051";"-52,44";"";"";""
"11.12.25";"11.12.25";"Gebucht";"Max Mustermann";"Cafe Central";"BESTELLUNG DANKE REF00314";"Ausgang";"DE02120300000000202051";"-10,46";"";"";""
"12.12.25";"12.12.25";"Gebucht";"Max Mustermann";"LIDL Dienstleistung";"KARTENZAHLUNG DANKE REF00303";"Ausgang";"DE02120300000000202051";"-54,35";"";"";""
"15.12.25";"15.12.25";"Gebucht";"Max Mustermann";"Cafe Central";"BESTELLUNG DANKE REF00310";"Ausgang";"DE02120300000000202051";"-31,21";"";"";""
"15.12.25";"15.12.25";"Gebucht";"Max Mustermann";"NETFLIX INTERNATIONAL B.V.";"NETFLIX ABO 12/2025 REF00293";"Ausgang";"DE02120300000000202051";"-13,99";"";"";""
"16.12.25";"16.12.25";"Gebucht";"Max Mustermann";"Zalando SE";"ONLINE EINKAUF REF00315";"Ausgang";"DE02120300000000202051";"-37,58";"";"";""
"18.12.25";"18.12.25";"Gebucht";"Max Mustermann";"Telekom Deutschland GmbH";"MOBILFUNK RECHNUNG 12/2025 REF00297";"Ausgang";"DE02120300000000202051";"-19,99";"";"";""
"20.12.25";"20.12.25";"Gebucht";"Max Mustermann";"Geldautomat Sparkasse";"BARGELDAUSZAHLUNG REF00316";"Ausgang";"DE02120300000000202051";"-150,00";"";"";""
"20.12.25";"20.12.25";"Gebucht";"Max Mustermann";"FitX Deutschland GmbH";"MITGLIEDSBEITRAG FITNESS 12/2025 REF00295";"Ausgang";"DE02120300000000202051";"-29,90";"";"";""
"21.12.25";"21.12.25";"Gebucht";"Max Mustermann";"ALDI SUED";"KARTENZAHLUNG DANKE REF00307";"Ausgang";"DE02120300000000202051";"-85,57";"";"";""
"23.12.25";"23.12.25";"Gebucht";"Max Mustermann";"EDEKA Center";"KARTENZAHLUNG DANKE REF00299";"Ausgang";"DE02120300000000202051";"-25,25";"";"";""
"23.12.25";"23.12.25";"Gebucht";"Max Mustermann";"EDEKA Center";"KARTENZAHLUNG DANKE REF00308";"Ausgang";"DE02120300000000202051";"-21,31";"";"";""
"24.12.25";"24.12.25";"Gebucht";"Max Mustermann";"LIDL Dienstleistung";"KARTENZAHLUNG DANKE REF00309";"Ausgang";"DE02120300000000202051";"-53,39";"";"";""
"25.12.25";"25.12.25";"Gebucht";"Max Mustermann";"McDonalds Deutschland";"BESTELLUNG DANKE REF00313";"Ausgang";"DE02120300000000202051";"-32,70";"";"";""
"25.12.25";"25.12.25";"Gebucht";"Max Mustermann";"Trade Republic Bank GmbH";"SPARPLAN ETF MSCI WORLD 12/2025 REF00296";"Ausgang";"DE02120300000000202051";"-200,00";"";"";""
"26.12.25";"26.12.25";"Gebucht";"Max Mustermann";"REWE Markt GmbH";"KARTENZAHLUNG DANKE REF00302";"Ausgang";"DE02120300000000202051";"-93,59";"";"";""
"27.12.25";"27.12.25";"Gebucht";"Max Mustermann";"Sparkasse Hanau";"ENTGELT KONTOFUEHRUNG 12/2025 REF00298";"Ausgang";"DE02120300000000202051";"-4,90";"";"";""
"28.12.25";"28.12.25";"Gebucht";"Acme Software GmbH";"Max Mustermann";"GEHALT 12/2025 REF00290";"Eingang";"DE02120300000000202051";"2850,00";"";"";""
"28.12.25";"28.12.25";"Gebucht";"Max Mustermann";"REWE Markt GmbH";"KARTENZAHLUNG DANKE REF00301";"Ausgang";"DE02120300000000202051";"-67,53";"";"";""
"01.01.26";"01.01.26";"Gebucht";"Max Mustermann";"Wohnbau Hanau GmbH";"MIETE BERGSTRASSE 3 01/2026 REF00318";"Ausgang";"DE02120300000000202051";"-980,00";"";"";""
"02.01.26";"02.01.26";"Gebucht";"Max Mustermann";"DB Vertrieb GmbH";"FAHRKARTE DEUTSCHE BAHN REF00342";"Ausgang";"DE02120300000000202051";"-78,33";"";"";""
"03.01.26";"03.01.26";"Gebucht";"Max Mustermann";"Stadtwerke Hanau";"ABSCHLAG STROM GAS 01/2026 REF00319";"Ausgang";"DE02120300000000202051";"-128,00";"";"";""
"04.01.26";"04.01.26";"Gebucht";"Max Mustermann";"Cafe Central";"BESTELLUNG DANKE REF00340";"Ausgang";"DE02120300000000202051";"-51,46";"";"";""
"07.01.26";"07.01.26";"Gebucht";"Max Mustermann";"Cafe Central";"BESTELLUNG DANKE REF00338";"Ausgang";"DE02120300000000202051";"-46,67";"";"";""
"07.01.26";"07.01.26";"Gebucht";"Max Mustermann";"ALDI SUED";"KARTENZAHLUNG DANKE REF00326";"Ausgang";"DE02120300000000202051";"-15,45";"";"";""
"07.01.26";"07.01.26";"Gebucht";"Max Mustermann";"Spotify AB";"SPOTIFY PREMIUM 01/2026 REF00321";"Ausgang";"DE02120300000000202051";"-10,99";"";"";""
"10.01.26";"10.01.26";"Gebucht";"Max Mustermann";"EDEKA Center";"KARTENZAHLUNG DANKE REF00330";"Ausgang";"DE02120300000000202051";"-27,28";"";"";""
"10.01.26";"10.01.26";"Gebucht";"Max Mustermann";"LIDL Dienstleistung";"KARTENZAHLUNG DANKE REF00331";"Ausgang";"DE02120300000000202051";"-65,76";"";"";""
"10.01.26";"10.01.26";"Gebucht";"Max Mustermann";"REWE Markt GmbH";"KARTENZAHLUNG DANKE REF00335";"Ausgang";"DE02120300000000202051";"-29,87";"";"";""
"12.01.26";"12.01.26";"Gebucht";"Max Mustermann";"LIDL Dienstleistung";"KARTENZAHLUNG DANKE REF00334";"Ausgang";"DE02120300000000202051";"-69,15";"";"";""
"12.01.26";"12.01.26";"Gebucht";"Max Mustermann";"AMAZON EU S.A R.L.";"ONLINE EINKAUF REF00341";"Ausgang";"DE02120300000000202051";"-33,33";"";"";""
"14.01.26";"14.01.26";"Gebucht";"Max Mustermann";"LIDL Dienstleistung";"KARTENZAHLUNG DANKE REF00333";"Ausgang";"DE02120300000000202051";"-94,71";"";"";""
"15.01.26";"15.01.26";"Gebucht";"Max Mustermann";"REWE Markt GmbH";"KARTENZAHLUNG DANKE REF00329";"Ausgang";"DE02120300000000202051";"-76,99";"";"";""
"15.01.26";"15.01.26";"Gebucht";"Max Mustermann";"NETFLIX INTERNATIONAL B.V.";"NETFLIX ABO 01/2026 REF00320";"Ausgang";"DE02120300000000202051";"-13,99";"";"";""
"16.01.26";"16.01.26";"Gebucht";"Max Mustermann";"EDEKA Center";"KARTENZAHLUNG DANKE REF00327";"Ausgang";"DE02120300000000202051";"-56,30";"";"";""
"16.01.26";"16.01.26";"Gebucht";"Max Mustermann";"LIDL Dienstleistung";"KARTENZAHLUNG DANKE REF00332";"Ausgang";"DE02120300000000202051";"-56,15";"";"";""
"18.01.26";"18.01.26";"Gebucht";"Max Mustermann";"Telekom Deutschland GmbH";"MOBILFUNK RECHNUNG 01/2026 REF00324";"Ausgang";"DE02120300000000202051";"-19,99";"";"";""
"20.01.26";"20.01.26";"Gebucht";"Max Mustermann";"FitX Deutschland GmbH";"MITGLIEDSBEITRAG FITNESS 01/2026 REF00322";"Ausgang";"DE02120300000000202051";"-29,90";"";"";""
"23.01.26";"23.01.26";"Gebucht";"Max Mustermann";"ALDI SUED";"KARTENZAHLUNG DANKE REF00328";"Ausgang";"DE02120300000000202051";"-49,42";"";"";""
"24.01.26";"24.01.26";"Gebucht";"Max Mustermann";"Cafe Central";"BESTELLUNG DANKE REF00339";"Ausgang";"DE02120300000000202051";"-39,07";"";"";""
"24.01.26";"24.01.26";"Gebucht";"Max Mustermann";"REWE Markt GmbH";"KARTENZAHLUNG DANKE REF00336";"Ausgang";"DE02120300000000202051";"-24,75";"";"";""
"24.01.26";"24.01.26";"Gebucht";"Max Mustermann";"EDEKA Center";"KARTENZAHLUNG DANKE REF00337";"Ausgang";"DE02120300000000202051";"-54,62";"";"";""
"25.01.26";"25.01.26";"Gebucht";"Max Mustermann";"Trade Republic Bank GmbH";"SPARPLAN ETF MSCI WORLD 01/2026 REF00323";"Ausgang";"DE02120300000000202051";"-200,00";"";"";""
"27.01.26";"27.01.26";"Gebucht";"Max Mustermann";"Sparkasse Hanau";"ENTGELT KONTOFUEHRUNG 01/2026 REF00325";"Ausgang";"DE02120300000000202051";"-4,90";"";"";""
"28.01.26";"28.01.26";"Gebucht";"Acme Software GmbH";"Max Mustermann";"GEHALT 01/2026 REF00317";"Eingang";"DE02120300000000202051";"2850,00";"";"";""
"01.02.26";"01.02.26";"Gebucht";"Max Mustermann";"Wohnbau Hanau GmbH";"MIETE BERGSTRASSE 3 02/2026 REF00344";"Ausgang";"DE02120300000000202051";"-980,00";"";"";""
"03.02.26";"03.02.26";"Gebucht";"Max Mustermann";"Stadtwerke Hanau";"ABSCHLAG STROM GAS 02/2026 REF00345";"Ausgang";"DE02120300000000202051";"-128,00";"";"";""
"03.02.26";"03.02.26";"Gebucht";"Max Mustermann";"REWE Markt GmbH";"KARTENZAHLUNG DANKE REF00359";"Ausgang";"DE02120300000000202051";"-94,47";"";"";""
"04.02.26";"04.02.26";"Gebucht";"Max Mustermann";"LIDL Dienstleistung";"KARTENZAHLUNG DANKE REF00353";"Ausgang";"DE02120300000000202051";"-83,93";"";"";""
"05.02.26";"05.02.26";"Gebucht";"Max Mustermann";"LIDL Dienstleistung";"KARTENZAHLUNG DANKE REF00358";"Ausgang";"DE02120300000000202051";"-20,98";"";"";""
"06.02.26";"06.02.26";"Gebucht";"Max Mustermann";"LIDL Dienstleistung";"KARTENZAHLUNG DANKE REF00355";"Ausgang";"DE02120300000000202051";"-92,00";"";"";""
"06.02.26";"06.02.26";"Gebucht";"Max Mustermann";"AMAZON EU S.A R.L.";"ONLINE EINKAUF REF00367";"Ausgang";"DE02120300000000202051";"-81,76";"";"";""
"07.02.26";"07.02.26";"Gebucht";"Max Mustermann";"Spotify AB";"SPOTIFY PREMIUM 02/2026 REF00347";"Ausgang";"DE02120300000000202051";"-10,99";"";"";""
"08.02.26";"08.02.26";"Gebucht";"Max Mustermann";"dm-drogerie markt";"EINKAUF DROGERIE REF00369";"Ausgang";"DE02120300000000202051";"-16,52";"";"";""
"10.02.26";"10.02.26";"Gebucht";"Max Mustermann";"Lieferando.de";"BESTELLUNG DANKE REF00363";"Ausgang";"DE02120300000000202051";"-38,00";"";"";""
"13.02.26";"13.02.26";"Gebucht";"Max Mustermann";"REWE Markt GmbH";"KARTENZAHLUNG DANKE REF00357";"Ausgang";"DE02120300000000202051";"-50,78";"";"";""
"15.02.26";"15.02.26";"Gebucht";"Max Mustermann";"Geldautomat Sparkasse";"BARGELDAUSZAHLUNG REF00368";"Ausgang";"DE02120300000000202051";"-150,00";"";"";""
"15.02.26";"15.02.26";"Gebucht";"Max Mustermann";"Cafe Central";"BESTELLUNG DANKE REF00361";"Ausgang";"DE02120300000000202051";"-55,33";"";"";""
"15.02.26";"15.02.26";"Gebucht";"Max Mustermann";"NETFLIX INTERNATIONAL B.V.";"NETFLIX ABO 02/2026 REF00346";"Ausgang";"DE02120300000000202051";"-13,99";"";"";""
"16.02.26";"16.02.26";"Gebucht";"Max Mustermann";"LIDL Dienstleistung";"KARTENZAHLUNG DANKE REF00354";"Ausgang";"DE02120300000000202051";"-49,65";"";"";""
"18.02.26";"18.02.26";"Gebucht";"Max Mustermann";"EDEKA Center";"KARTENZAHLUNG DANKE REF00360";"Ausgang";"DE02120300000000202051";"-74,51";"";"";""
"18.02.26";"18.02.26";"Gebucht";"Max Mustermann";"Telekom Deutschland GmbH";"MOBILFUNK RECHNUNG 02/2026 REF00350";"Ausgang";"DE02120300000000202051";"-19,99";"";"";""
"20.02.26";"20.02.26";"Gebucht";"Max Mustermann";"Lieferando.de";"BESTELLUNG DANKE REF00364";"Ausgang";"DE02120300000000202051";"-57,97";"";"";""
"20.02.26";"20.02.26";"Gebucht";"Max Mustermann";"FitX Deutschland GmbH";"MITGLIEDSBEITRAG FITNESS 02/2026 REF00348";"Ausgang";"DE02120300000000202051";"-29,90";"";"";""
"21.02.26";"21.02.26";"Gebucht";"Max Mustermann";"ALDI SUED";"KARTENZAHLUNG DANKE REF00352";"Ausgang";"DE02120300000000202051";"-83,56";"";"";""
"22.02.26";"22.02.26";"Gebucht";"Max Mustermann";"AMAZON EU S.A R.L.";"ONLINE EINKAUF REF00366";"Ausgang";"DE02120300000000202051";"-20,55";"";"";""
"25.02.26";"25.02.26";"Gebucht";"Max Mustermann";"Pizzeria Bella Italia";"BESTELLUNG DANKE REF00365";"Ausgang";"DE02120300000000202051";"-19,60";"";"";""
"25.02.26";"25.02.26";"Gebucht";"Max Mustermann";"Trade Republic Bank GmbH";"SPARPLAN ETF MSCI WORLD 02/2026 REF00349";"Ausgang";"DE02120300000000202051";"-200,00";"";"";""
"27.02.26";"27.02.26";"Gebucht";"Max Mustermann";"Sparkasse Hanau";"ENTGELT KONTOFUEHRUNG 02/2026 REF00351";"Ausgang";"DE02120300000000202051";"-4,90";"";"";""
"28.02.26";"28.02.26";"Gebucht";"Max Mustermann";"McDonalds Deutschland";"BESTELLUNG DANKE REF00362";"Ausgang";"DE02120300000000202051";"-39,01";"";"";""
"28.02.26";"28.02.26";"Gebucht";"Acme Software GmbH";"Max Mustermann";"GEHALT 02/2026 REF00343";"Eingang";"DE02120300000000202051";"2850,00";"";"";""
"28.02.26";"28.02.26";"Gebucht";"Max Mustermann";"REWE Markt GmbH";"KARTENZAHLUNG DANKE REF00356";"Ausgang";"DE02120300000000202051";"-49,56";"";"";""
"01.03.26";"01.03.26";"Gebucht";"Max Mustermann";"Wohnbau Hanau GmbH";"MIETE BERGSTRASSE 3 03/2026 REF00371";"Ausgang";"DE02120300000000202051";"-980,00";"";"";""
"03.03.26";"03.03.26";"Gebucht";"Max Mustermann";"Stadtwerke Hanau";"ABSCHLAG STROM GAS 03/2026 REF00372";"Ausgang";"DE02120300000000202051";"-128,00";"";"";""
"06.03.26";"06.03.26";"Gebucht";"Max Mustermann";"LIDL Dienstleistung";"KARTENZAHLUNG DANKE REF00385";"Ausgang";"DE02120300000000202051";"-76,96";"";"";""
"07.03.26";"07.03.26";"Gebucht";"Max Mustermann";"Spotify AB";"SPOTIFY PREMIUM 03/2026 REF00374";"Ausgang";"DE02120300000000202051";"-10,99";"";"";""
"14.03.26";"14.03.26";"Gebucht";"Max Mustermann";"EDEKA Center";"KARTENZAHLUNG DANKE REF00382";"Ausgang";"DE02120300000000202051";"-17,99";"";"";""
"15.03.26";"15.03.26";"Gebucht";"Max Mustermann";"LIDL Dienstleistung";"KARTENZAHLUNG DANKE REF00386";"Ausgang";"DE02120300000000202051";"-18,82";"";"";""
"15.03.26";"15.03.26";"Gebucht";"Max Mustermann";"NETFLIX INTERNATIONAL B.V.";"NETFLIX ABO 03/2026 REF00373";"Ausgang";"DE02120300000000202051";"-13,99";"";"";""
"17.03.26";"17.03.26";"Gebucht";"Max Mustermann";"ALDI SUED";"KARTENZAHLUNG DANKE REF00388";"Ausgang";"DE02120300000000202051";"-54,98";"";"";""
"18.03.26";"18.03.26";"Gebucht";"Max Mustermann";"Telekom Deutschland GmbH";"MOBILFUNK RECHNUNG 03/2026 REF00377";"Ausgang";"DE02120300000000202051";"-19,99";"";"";""
"20.03.26";"20.03.26";"Gebucht";"Max Mustermann";"McDonalds Deutschland";"BESTELLUNG DANKE REF00389";"Ausgang";"DE02120300000000202051";"-11,03";"";"";""
"20.03.26";"20.03.26";"Gebucht";"Max Mustermann";"FitX Deutschland GmbH";"MITGLIEDSBEITRAG FITNESS 03/2026 REF00375";"Ausgang";"DE02120300000000202051";"-29,90";"";"";""
"21.03.26";"21.03.26";"Gebucht";"Max Mustermann";"LIDL Dienstleistung";"KARTENZAHLUNG DANKE REF00383";"Ausgang";"DE02120300000000202051";"-20,96";"";"";""
"22.03.26";"22.03.26";"Gebucht";"Max Mustermann";"Geldautomat Sparkasse";"BARGELDAUSZAHLUNG REF00391";"Ausgang";"DE02120300000000202051";"-150,00";"";"";""
"22.03.26";"22.03.26";"Gebucht";"Max Mustermann";"LIDL Dienstleistung";"KARTENZAHLUNG DANKE REF00380";"Ausgang";"DE02120300000000202051";"-28,31";"";"";""
"23.03.26";"23.03.26";"Gebucht";"Max Mustermann";"REWE Markt GmbH";"KARTENZAHLUNG DANKE REF00379";"Ausgang";"DE02120300000000202051";"-82,79";"";"";""
"23.03.26";"23.03.26";"Gebucht";"Max Mustermann";"LIDL Dienstleistung";"KARTENZAHLUNG DANKE REF00387";"Ausgang";"DE02120300000000202051";"-43,02";"";"";""
"24.03.26";"24.03.26";"Gebucht";"Max Mustermann";"Cafe Central";"BESTELLUNG DANKE REF00390";"Ausgang";"DE02120300000000202051";"-25,44";"";"";""
"25.03.26";"25.03.26";"Gebucht";"Max Mustermann";"dm-drogerie markt";"EINKAUF DROGERIE REF00392";"Ausgang";"DE02120300000000202051";"-31,89";"";"";""
"25.03.26";"25.03.26";"Gebucht";"Max Mustermann";"Trade Republic Bank GmbH";"SPARPLAN ETF MSCI WORLD 03/2026 REF00376";"Ausgang";"DE02120300000000202051";"-200,00";"";"";""
"26.03.26";"26.03.26";"Gebucht";"Max Mustermann";"EDEKA Center";"KARTENZAHLUNG DANKE REF00381";"Ausgang";"DE02120300000000202051";"-76,84";"";"";""
"27.03.26";"27.03.26";"Gebucht";"Max Mustermann";"Sparkasse Hanau";"ENTGELT KONTOFUEHRUNG 03/2026 REF00378";"Ausgang";"DE02120300000000202051";"-4,90";"";"";""
"27.03.26";"27.03.26";"Gebucht";"Max Mustermann";"REWE Markt GmbH";"KARTENZAHLUNG DANKE REF00384";"Ausgang";"DE02120300000000202051";"-20,37";"";"";""
"28.03.26";"28.03.26";"Gebucht";"Acme Software GmbH";"Max Mustermann";"GEHALT 03/2026 REF00370";"Eingang";"DE02120300000000202051";"2850,00";"";"";""
"01.04.26";"01.04.26";"Gebucht";"Max Mustermann";"Geldautomat Sparkasse";"BARGELDAUSZAHLUNG REF00419";"Ausgang";"DE02120300000000202051";"-150,00";"";"";""
"01.04.26";"01.04.26";"Gebucht";"Max Mustermann";"Wohnbau Hanau GmbH";"MIETE BERGSTRASSE 3 04/2026 REF00394";"Ausgang";"DE02120300000000202051";"-980,00";"";"";""
"03.04.26";"03.04.26";"Gebucht";"Max Mustermann";"Stadtwerke Hanau";"ABSCHLAG STROM GAS 04/2026 REF00395";"Ausgang";"DE02120300000000202051";"-128,00";"";"";""
"04.04.26";"04.04.26";"Gebucht";"Max Mustermann";"McDonalds Deutschland";"BESTELLUNG DANKE REF00412";"Ausgang";"DE02120300000000202051";"-58,48";"";"";""
"06.04.26";"06.04.26";"Gebucht";"Max Mustermann";"dm-drogerie markt";"EINKAUF DROGERIE REF00420";"Ausgang";"DE02120300000000202051";"-17,43";"";"";""
"07.04.26";"07.04.26";"Gebucht";"Max Mustermann";"AMAZON EU S.A R.L.";"ONLINE EINKAUF REF00417";"Ausgang";"DE02120300000000202051";"-44,72";"";"";""
"07.04.26";"07.04.26";"Gebucht";"Max Mustermann";"Spotify AB";"SPOTIFY PREMIUM 04/2026 REF00397";"Ausgang";"DE02120300000000202051";"-10,99";"";"";""
"09.04.26";"09.04.26";"Gebucht";"Max Mustermann";"ALDI SUED";"KARTENZAHLUNG DANKE REF00404";"Ausgang";"DE02120300000000202051";"-23,79";"";"";""
"10.04.26";"10.04.26";"Gebucht";"Max Mustermann";"HUK-COBURG Versicherung";"HAFTPFLICHT JAHRESBEITRAG 2026 REF00421";"Ausgang";"DE02120300000000202051";"-89,00";"";"";""
"10.04.26";"10.04.26";"Gebucht";"Max Mustermann";"ALDI SUED";"KARTENZAHLUNG DANKE REF00409";"Ausgang";"DE02120300000000202051";"-65,64";"";"";""
"10.04.26";"10.04.26";"Gebucht";"Max Mustermann";"MediaMarkt";"ONLINE EINKAUF REF00418";"Ausgang";"DE02120300000000202051";"-66,96";"";"";""
"11.04.26";"11.04.26";"Gebucht";"Max Mustermann";"EDEKA Center";"KARTENZAHLUNG DANKE REF00407";"Ausgang";"DE02120300000000202051";"-66,30";"";"";""
"11.04.26";"11.04.26";"Gebucht";"Max Mustermann";"ALDI SUED";"KARTENZAHLUNG DANKE REF00408";"Ausgang";"DE02120300000000202051";"-43,81";"";"";""
"14.04.26";"14.04.26";"Gebucht";"Max Mustermann";"Cafe Central";"BESTELLUNG DANKE REF00415";"Ausgang";"DE02120300000000202051";"-11,76";"";"";""
"15.04.26";"15.04.26";"Gebucht";"Max Mustermann";"LIDL Dienstleistung";"KARTENZAHLUNG DANKE REF00411";"Ausgang";"DE02120300000000202051";"-15,66";"";"";""
"15.04.26";"15.04.26";"Gebucht";"Max Mustermann";"NETFLIX INTERNATIONAL B.V.";"NETFLIX ABO 04/2026 REF00396";"Ausgang";"DE02120300000000202051";"-13,99";"";"";""
"16.04.26";"16.04.26";"Gebucht";"Max Mustermann";"ALDI SUED";"KARTENZAHLUNG DANKE REF00403";"Ausgang";"DE02120300000000202051";"-53,15";"";"";""
"16.04.26";"16.04.26";"Gebucht";"Max Mustermann";"LIDL Dienstleistung";"KARTENZAHLUNG DANKE REF00406";"Ausgang";"DE02120300000000202051";"-38,27";"";"";""
"18.04.26";"18.04.26";"Gebucht";"Max Mustermann";"Telekom Deutschland GmbH";"MOBILFUNK RECHNUNG 04/2026 REF00400";"Ausgang";"DE02120300000000202051";"-19,99";"";"";""
"19.04.26";"19.04.26";"Gebucht";"Max Mustermann";"EDEKA Center";"KARTENZAHLUNG DANKE REF00402";"Ausgang";"DE02120300000000202051";"-11,50";"";"";""
"20.04.26";"20.04.26";"Gebucht";"Max Mustermann";"FitX Deutschland GmbH";"MITGLIEDSBEITRAG FITNESS 04/2026 REF00398";"Ausgang";"DE02120300000000202051";"-29,90";"";"";""
"21.04.26";"21.04.26";"Gebucht";"Max Mustermann";"REWE Markt GmbH";"KARTENZAHLUNG DANKE REF00405";"Ausgang";"DE02120300000000202051";"-78,84";"";"";""
"21.04.26";"21.04.26";"Gebucht";"Max Mustermann";"AMAZON EU S.A R.L.";"ONLINE EINKAUF REF00416";"Ausgang";"DE02120300000000202051";"-67,47";"";"";""
"22.04.26";"22.04.26";"Gebucht";"Max Mustermann";"McDonalds Deutschland";"BESTELLUNG DANKE REF00414";"Ausgang";"DE02120300000000202051";"-53,34";"";"";""
"25.04.26";"25.04.26";"Gebucht";"Max Mustermann";"Trade Republic Bank GmbH";"SPARPLAN ETF MSCI WORLD 04/2026 REF00399";"Ausgang";"DE02120300000000202051";"-200,00";"";"";""
"27.04.26";"27.04.26";"Gebucht";"Max Mustermann";"Sparkasse Hanau";"ENTGELT KONTOFUEHRUNG 04/2026 REF00401";"Ausgang";"DE02120300000000202051";"-4,90";"";"";""
"27.04.26";"27.04.26";"Gebucht";"Max Mustermann";"REWE Markt GmbH";"KARTENZAHLUNG DANKE REF00410";"Ausgang";"DE02120300000000202051";"-74,16";"";"";""
"28.04.26";"28.04.26";"Gebucht";"Max Mustermann";"Lieferando.de";"BESTELLUNG DANKE REF00413";"Ausgang";"DE02120300000000202051";"-35,24";"";"";""
"28.04.26";"28.04.26";"Gebucht";"Acme Software GmbH";"Max Mustermann";"GEHALT 04/2026 REF00393";"Eingang";"DE02120300000000202051";"2850,00";"";"";""
"01.05.26";"01.05.26";"Gebucht";"Max Mustermann";"Wohnbau Hanau GmbH";"MIETE BERGSTRASSE 3 05/2026 REF00423";"Ausgang";"DE02120300000000202051";"-980,00";"";"";""
"03.05.26";"03.05.26";"Gebucht";"Max Mustermann";"Stadtwerke Hanau";"ABSCHLAG STROM GAS 05/2026 REF00424";"Ausgang";"DE02120300000000202051";"-128,00";"";"";""
"04.05.26";"04.05.26";"Gebucht";"Max Mustermann";"EDEKA Center";"KARTENZAHLUNG DANKE REF00433";"Ausgang";"DE02120300000000202051";"-64,35";"";"";""
"07.05.26";"07.05.26";"Gebucht";"Max Mustermann";"Spotify AB";"SPOTIFY PREMIUM 05/2026 REF00426";"Ausgang";"DE02120300000000202051";"-10,99";"";"";""
"08.05.26";"08.05.26";"Gebucht";"Max Mustermann";"EDEKA Center";"KARTENZAHLUNG DANKE REF00437";"Ausgang";"DE02120300000000202051";"-47,74";"";"";""
"09.05.26";"09.05.26";"Gebucht";"Max Mustermann";"McDonalds Deutschland";"BESTELLUNG DANKE REF00439";"Ausgang";"DE02120300000000202051";"-48,41";"";"";""
"10.05.26";"10.05.26";"Gebucht";"Max Mustermann";"Geldautomat Sparkasse";"BARGELDAUSZAHLUNG REF00441";"Ausgang";"DE02120300000000202051";"-150,00";"";"";""
"11.05.26";"11.05.26";"Gebucht";"Max Mustermann";"Cafe Central";"BESTELLUNG DANKE REF00440";"Ausgang";"DE02120300000000202051";"-56,65";"";"";""
"13.05.26";"13.05.26";"Gebucht";"Max Mustermann";"EDEKA Center";"KARTENZAHLUNG DANKE REF00438";"Ausgang";"DE02120300000000202051";"-24,58";"";"";""
"15.05.26";"15.05.26";"Gebucht";"Max Mustermann";"NETFLIX INTERNATIONAL B.V.";"NETFLIX ABO 05/2026 REF00425";"Ausgang";"DE02120300000000202051";"-13,99";"";"";""
"16.05.26";"16.05.26";"Gebucht";"Max Mustermann";"LIDL Dienstleistung";"KARTENZAHLUNG DANKE REF00434";"Ausgang";"DE02120300000000202051";"-89,14";"";"";""
"17.05.26";"17.05.26";"Gebucht";"Max Mustermann";"ALDI SUED";"KARTENZAHLUNG DANKE REF00435";"Ausgang";"DE02120300000000202051";"-69,37";"";"";""
"18.05.26";"18.05.26";"Gebucht";"Max Mustermann";"EDEKA Center";"KARTENZAHLUNG DANKE REF00431";"Ausgang";"DE02120300000000202051";"-43,50";"";"";""
"18.05.26";"18.05.26";"Gebucht";"Max Mustermann";"Telekom Deutschland GmbH";"MOBILFUNK RECHNUNG 05/2026 REF00429";"Ausgang";"DE02120300000000202051";"-19,99";"";"";""
"20.05.26";"20.05.26";"Gebucht";"Max Mustermann";"FitX Deutschland GmbH";"MITGLIEDSBEITRAG FITNESS 05/2026 REF00427";"Ausgang";"DE02120300000000202051";"-29,90";"";"";""
"25.05.26";"25.05.26";"Gebucht";"Max Mustermann";"Trade Republic Bank GmbH";"SPARPLAN ETF MSCI WORLD 05/2026 REF00428";"Ausgang";"DE02120300000000202051";"-200,00";"";"";""
"27.05.26";"27.05.26";"Gebucht";"Max Mustermann";"Sparkasse Hanau";"ENTGELT KONTOFUEHRUNG 05/2026 REF00430";"Ausgang";"DE02120300000000202051";"-4,90";"";"";""
"27.05.26";"27.05.26";"Gebucht";"Max Mustermann";"ALDI SUED";"KARTENZAHLUNG DANKE REF00432";"Ausgang";"DE02120300000000202051";"-87,42";"";"";""
"27.05.26";"27.05.26";"Gebucht";"Max Mustermann";"ALDI SUED";"KARTENZAHLUNG DANKE REF00436";"Ausgang";"DE02120300000000202051";"-49,98";"";"";""
"28.05.26";"28.05.26";"Gebucht";"Acme Software GmbH";"Max Mustermann";"GEHALT 05/2026 REF00422";"Eingang";"DE02120300000000202051";"2850,00";"";"";""
"01.06.26";"01.06.26";"Gebucht";"Max Mustermann";"McDonalds Deutschland";"BESTELLUNG DANKE REF00462";"Ausgang";"DE02120300000000202051";"-45,84";"";"";""
"01.06.26";"01.06.26";"Gebucht";"Max Mustermann";"Wohnbau Hanau GmbH";"MIETE BERGSTRASSE 3 06/2026 REF00443";"Ausgang";"DE02120300000000202051";"-980,00";"";"";""
"02.06.26";"02.06.26";"Gebucht";"Max Mustermann";"ALDI SUED";"KARTENZAHLUNG DANKE REF00456";"Ausgang";"DE02120300000000202051";"-35,68";"";"";""
"03.06.26";"03.06.26";"Gebucht";"Max Mustermann";"Stadtwerke Hanau";"ABSCHLAG STROM GAS 06/2026 REF00444";"Ausgang";"DE02120300000000202051";"-128,00";"";"";""
"03.06.26";"03.06.26";"Gebucht";"Max Mustermann";"dm-drogerie markt";"EINKAUF DROGERIE REF00465";"Ausgang";"DE02120300000000202051";"-39,07";"";"";""
"04.06.26";"04.06.26";"Gebucht";"Max Mustermann";"McDonalds Deutschland";"BESTELLUNG DANKE REF00461";"Ausgang";"DE02120300000000202051";"-35,82";"";"";""
"07.06.26";"07.06.26";"Gebucht";"Max Mustermann";"Spotify AB";"SPOTIFY PREMIUM 06/2026 REF00446";"Ausgang";"DE02120300000000202051";"-10,99";"";"";""
"08.06.26";"08.06.26";"Gebucht";"Max Mustermann";"ALDI SUED";"KARTENZAHLUNG DANKE REF00455";"Ausgang";"DE02120300000000202051";"-82,47";"";"";""
"09.06.26";"09.06.26";"Gebucht";"Max Mustermann";"Geldautomat Sparkasse";"BARGELDAUSZAHLUNG REF00464";"Ausgang";"DE02120300000000202051";"-100,00";"";"";""
"11.06.26";"11.06.26";"Gebucht";"Max Mustermann";"ALDI SUED";"KARTENZAHLUNG DANKE REF00452";"Ausgang";"DE02120300000000202051";"-56,02";"";"";""
