"Auftragskonto";"Buchungstag";"Valutadatum";"Buchungstext";"Verwendungszweck";"Glaeubiger ID";"Mandatsreferenz";"Kundenreferenz (End-to-End)";"Sammlerreferenz";"Lastschrift Ursprungsbetrag";"Auslagenersatz Ruecklastschrift";"Beguenstigter/Zahlungspflichtiger";"Kontonummer/IBAN";"BIC (SWIFT-Code)";"Betrag";"Waehrung";"Info"
"DE02120300000000202051";"01.01.25";"01.01.25";"FOLGELASTSCHRIFT";"KARTENZAHLUNG DANKE REF00010";"";"";"";"";"";"";"EDEKA Center";"DE02120300000000202051";"HELADEF1HAN";"-72,51";"EUR";"Umsatz gebucht"
"DE02120300000000202051";"01.01.25";"01.01.25";"FOLGELASTSCHRIFT";"MIETE BERGSTRASSE 3 01/2025 REF00002";"";"";"";"";"";"";"Wohnbau Hanau GmbH";"DE02120300000000202051";"HELADEF1HAN";"-980,00";"EUR";"Umsatz gebucht"
"DE02120300000000202051";"03.01.25";"03.01.25";"FOLGELASTSCHRIFT";"ABSCHLAG STROM GAS 01/2025 REF00003";"";"";"";"";"";"";"Stadtwerke Hanau";"DE02120300000000202051";"HELADEF1HAN";"-128,00";"EUR";"Umsatz gebucht"
"DE02120300000000202051";"03.01.25";"03.01.25";"FOLGELASTSCHRIFT";"KARTENZAHLUNG DANKE REF00014";"";"";"";"";"";"";"REWE Markt GmbH";"DE02120300000000202051";"HELADEF1HAN";"-27,02";"EUR";"Umsatz gebucht"
"DE02120300000000202051";"03.01.25";"03.01.25";"FOLGELASTSCHRIFT";"ONLINE EINKAUF REF00023";"";"";"";"";"";"";"MediaMarkt";"DE02120300000000202051";"HELADEF1HAN";"-81,77";"EUR";"Umsatz gebucht"
"DE02120300000000202051";"07.01.25";"07.01.25";"FOLGELASTSCHRIFT";"SPOTIFY PREMIUM 01/2025 REF00005";"";"";"";"";"";"";"Spotify AB";"DE02120300000000202051";"HELADEF1HAN";"-10,99";"EUR";"Umsatz gebucht"
"DE02120300000000202051";"08.01.25";"08.01.25";"FOLGELASTSCHRIFT";"BARGELDAUSZAHLUNG REF00026";"";"";"";"";"";"";"Geldautomat Sparkasse";"DE02120300000000202051";"HELADEF1HAN";"-100,00";"EUR";"Umsatz gebucht"
"DE02120300000000202051";"08.01.25";"08.01.25";"FOLGELASTSCHRIFT";"KARTENZAHLUNG DANKE REF00011";"";"";"";"";"";"";"REWE Markt GmbH";"DE02120300000000202051";"HELADEF1HAN";"-20,14";"EUR";"Umsatz gebucht"
"DE02120300000000202051";"08.01.25";"08.01.25";"FOLGELASTSCHRIFT";"KARTENZAHLUNG DANKE REF00016";"";"";"";"";"";"";"LIDL Dienstleistung";"DE02120300000000202051";"HELADEF1HAN";"-47,08";"EUR";"Umsatz gebucht"
"DE02120300000000202051";"11.01.25";"11.01.25";"FOLGELASTSCHRIFT";"BESTELLUNG DANKE REF00018";"";"";"";"";"";"";"Pizzeria Bella Italia";"DE02120300000000202051";"HELADEF1HAN";"-23,17";"EUR";"Umsatz gebucht"
"DE02120300000000202051";"13.01.25";"13.01.25";"FOLGELASTSCHRIFT";"BESTELLUNG DANKE REF00020";"";"";"";"";"";"";"Cafe Central";"DE02120300000000202051";"HELADEF1HAN";"-13,93";"EUR";"Umsatz gebucht"
"DE02120300000000202051";"15.01.25";"15.01.25";"FOLGELASTSCHRIFT";"NETFLIX ABO 01/2025 REF00004";"";"";"";"";"";"";"NETFLIX INTERNATIONAL B.V.";"DE02120300000000202051";"HELADEF1HAN";"-13,99";"EUR";"Umsatz gebucht"
"DE02120300000000202051";"18.01.25";"18.01.25";"FOLGELASTSCHRIFT";"KARTENZAHLUNG DANKE REF00015";"";"";"";"";"";"";"ALDI SUED";"DE02120300000000202051";"HELADEF1HAN";"-25,30";"EUR";"Umsatz gebucht"
"DE02120300000000202051";"18.01.25";"18.01.25";"FOLGELASTSCHRIFT";"MOBILFUNK RECHNUNG 01/2025 REF00008";"";"";"";"";"";"";"Telekom Deutschland GmbH";"DE02120300000000202051";"HELADEF1HAN";"-19,99";"EUR";"Umsatz gebucht"
"DE02120300000000202051";"19.01.25";"19.01.25";"FOLGELASTSCHRIFT";"KARTENZAHLUNG DANKE REF00013";"";"";"";"";"";"";"REWE Markt GmbH";"DE02120300000000202051";"HELADEF1HAN";"-44,71";"EUR";"Umsatz gebucht"
"DE02120300000000202051";"19.01.25";"19.01.25";"FOLGELASTSCHRIFT";"ONLINE EINKAUF REF00025";"";"";"";"";"";"";"AMAZON EU S.A R.L.";"DE02120300000000202051";"HELADEF1HAN";"-35,00";"EUR";"Umsatz gebucht"
"DE02120300000000202051";"20.01.25";"20.01.25";"FOLGELASTSCHRIFT";"BESTELLUNG DANKE REF00021";"";"";"";"";"";"";"Lieferando.de";"DE02120300000000202051";"HELADEF1HAN";"-22,49";"EUR";"Umsatz gebucht"
"DE02120300000000202051";"20.01.25";"20.01.25";"FOLGELASTSCHRIFT";"MITGLIEDSBEITRAG FITNESS 01/2025 REF00006";"";"";"";"";"";"";"FitX Deutschland GmbH";"DE02120300000000202051";"HELADEF1HAN";"-29,90";"EUR";"Umsatz gebucht"
"DE02120300000000202051";"20.01.25";"20.01.25";"FOLGELASTSCHRIFT";"ONLINE EINKAUF REF00024";"";"";"";"";"";"";"Zalando SE";"DE02120300000000202051";"HELADEF1HAN";"-125,11";"EUR";"Umsatz gebucht"
"DE02120300000000202051";"22.01.25";"22.01.25";"FOLGELASTSCHRIFT";"KARTENZAHLUNG DANKE REF00012";"";"";"";"";"";"";"REWE Markt GmbH";"DE02120300000000202051";"HELADEF1HAN";"-72,44";"EUR";"Umsatz gebucht"
"DE02120300000000202051";"24.01.25";"24.01.25";"FOLGELASTSCHRIFT";"BESTELLUNG DANKE REF00022";"";"";"";"";"";"";"Lieferando.de";"DE02120300000000202051";"HELADEF1HAN";"-32,43";"EUR";"Umsatz gebucht"
"DE02120300000000202051";"25.01.25";"25.01.25";"FOLGELASTSCHRIFT";"BESTELLUNG DANKE REF00019";"";"";"";"";"";"";"Lieferando.de";"DE02120300000000202051";"HELADEF1HAN";"-26,17";"EUR";"Umsatz gebucht"
"DE02120300000000202051";"25.01.25";"25.01.25";"FOLGELASTSCHRIFT";"SPARPLAN ETF MSCI WORLD 01/2025 REF00007";"";"";"";"";"";"";"Trade Republic Bank GmbH";"DE02120300000000202051";"HELADEF1HAN";"-200,00";"EUR";"Umsatz gebucht"
"DE02120300000000202051";"26.01.25";"26.01.25";"FOLGELASTSCHRIFT";"KARTENZAHLUNG DANKE REF00017";"";"";"";"";"";"";"EDEKA Center";"DE02120300000000202051";"HELADEF1HAN";"-83,63";"EUR";"Umsatz gebucht"
"DE02120300000000202051";"27.01.25";"27.01.25";"FOLGELASTSCHRIFT";"ENTGELT KONTOFUEHRUNG 01/2025 REF00009";"";"";"";"";"";"";"Sparkasse Hanau";"DE02120300000000202051";"HELADEF1HAN";"-4,90";"EUR";"Umsatz gebucht"
"DE02120300000000202051";"28.01.25";"28.01.25";"GUTSCHR. UEBERWEISUNG";"GEHALT 01/2025 REF00001";"";"";"";"";"";"";"Acme Software GmbH";"DE02120300000000202051";"HELADEF1HAN";"2850,00";"EUR";"Umsatz gebucht"
"DE02120300000000202051";"01.02.25";"01.02.25";"FOLGELASTSCHRIFT";"MIETE BERGSTRASSE 3 02/2025 REF00028";"";"";"";"";"";"";"Wohnbau Hanau GmbH";"DE02120300000000202051";"HELADEF1HAN";"-980,00";"EUR";"Umsatz gebucht"
"DE02120300000000202051";"03.02.25";"03.02.25";"FOLGELASTSCHRIFT";"ABSCHLAG STROM GAS 02/2025 REF00029";"";"";"";"";"";"";"Stadtwerke Hanau";"DE02120300000000202051";"HELADEF1HAN";"-128,00";"EUR";"Umsatz gebucht"
"DE02120300000000202051";"05.02.25";"05.02.25";"FOLGELASTSCHRIFT";"BESTELLUNG DANKE REF00047";"";"";"";"";"";"";"Cafe Central";"DE02120300000000202051";"HELADEF1HAN";"-21,58";"EUR";"Umsatz gebucht"
"DE02120300000000202051";"06.02.25";"06.02.25";"FOLGELASTSCHRIFT";"FAHRKARTE DEUTSCHE BAHN REF00051";"";"";"";"";"";"";"DB Vertrieb GmbH";"DE02120300000000202051";"HELADEF1HAN";"-66,49";"EUR";"Umsatz gebucht"
"DE02120300000000202051";"06.02.25";"06.02.25";"FOLGELASTSCHRIFT";"KARTENZAHLUNG DANKE REF00037";"";"";"";"";"";"";"EDEKA Center";"DE02120300000000202051";"HELADEF1HAN";"-40,21";"EUR";"Umsatz gebucht"
"DE02120300000000202051";"06.02.25";"06.02.25";"FOLGELASTSCHRIFT";"KARTENZAHLUNG DANKE REF00040";"";"";"";"";"";"";"LIDL Dienstleistung";"DE02120300000000202051";"HELADEF1HAN";"-48,22";"EUR";"Umsatz gebucht"
"DE02120300000000202051";"07.02.25";"07.02.25";"FOLGELASTSCHRIFT";"BESTELLUNG DANKE REF00045";"";"";"";"";"";"";"McDonalds Deutschland";"DE02120300000000202051";"HELADEF1HAN";"-42,43";"EUR";"Umsatz gebucht"
"DE02120300000000202051";"07.02.25";"07.02.25";"FOLGELASTSCHRIFT";"SPOTIFY PREMIUM 02/2025 REF00031";"";"";"";"";"";"";"Spotify AB";"DE02120300000000202051";"HELADEF1HAN";"-10,99";"EUR";"Umsatz gebucht"
"DE02120300000000202051";"08.02.25";"08.02.25";"FOLGELASTSCHRIFT";"KARTENZAHLUNG DANKE REF00043";"";"";"";"";"";"";"LIDL Dienstleistung";"DE02120300000000202051";"HELADEF1HAN";"-79,50";"EUR";"Umsatz gebucht"
"DE02120300000000202051";"08.02.25";"08.02.25";"FOLGELASTSCHRIFT";"ONLINE EINKAUF REF00049";"";"";"";"";"";"";"AMAZON EU S.A R.L.";"DE02120300000000202051";"HELADEF1HAN";"-139,65";"EUR";"Umsatz gebucht"
"DE02120300000000202051";"09.02.25";"09.02.25";"FOLGELASTSCHRIFT";"BESTELLUNG DANKE REF00044";"";"";"";"";"";"";"Cafe Central";"DE02120300000000202051";"HELADEF1HAN";"-12,38";"EUR";"Umsatz gebucht"
"DE02120300000000202051";"13.02.25";"13.02.25";"FOLGELASTSCHRIFT";"KARTENZAHLUNG DANKE REF00036";"";"";"";"";"";"";"LIDL Dienstleistung";"DE02120300000000202051";"HELADEF1HAN";"-32,18";"EUR";"Umsatz gebucht"
"DE02120300000000202051";"15.02.25";"15.02.25";"FOLGELASTSCHRIFT";"NETFLIX ABO 02/2025 REF00030";"";"";"";"";"";"";"NETFLIX INTERNATIONAL B.V.";"DE02120300000000202051";"HELADEF1HAN";"-13,99";"EUR";"Umsatz gebucht"
"DE02120300000000202051";"17.02.25";"17.02.25";"FOLGELASTSCHRIFT";"ONLINE EINKAUF REF00050";"";"";"";"";"";"";"AMAZON EU S.A R.L.";"DE02120300000000202051";"HELADEF1HAN";"-74,16";"EUR";"Umsatz gebucht"
"DE02120300000000202051";"18.02.25";"18.02.25";"FOLGELASTSCHRIFT";"MOBILFUNK RECHNUNG 02/2025 REF00034";"";"";"";"";"";"";"Telekom Deutschland GmbH";"DE02120300000000202051";"HELADEF1HAN";"-19,99";"EUR";"Umsatz gebucht"
"DE02120300000000202051";"20.02.25";"20.02.25";"FOLGELASTSCHRIFT";"KARTENZAHLUNG DANKE REF00039";"";"";"";"";"";"";"EDEKA Center";"DE02120300000000202051";"HELADEF1HAN";"-63,24";"EUR";"Umsatz gebucht"
"DE02120300000000202051";"20.02.25";"20.02.25";"FOLGELASTSCHRIFT";"MITGLIEDSBEITRAG FITNESS 02/2025 REF00032";"";"";"";"";"";"";"FitX Deutschland GmbH";"DE02120300000000202051";"HELADEF1HAN";"-29,90";"EUR";"Umsatz gebucht"
"DE02120300000000202051";"21.02.25";"21.02.25";"FOLGELASTSCHRIFT";"BESTELLUNG DANKE REF00046";"";"";"";"";"";"";"Cafe Central";"DE02120300000000202051";"HELADEF1HAN";"-32,40";"EUR";"Umsatz gebucht"
"DE02120300000000202051";"21.02.25";"21.02.25";"FOLGELASTSCHRIFT";"KARTENZAHLUNG DANKE REF00041";"";"";"";"";"";"";"EDEKA Center";"DE02120300000000202051";"HELADEF1HAN";"-67,87";"EUR";"Umsatz gebucht"
"DE02120300000000202051";"22.02.25";"22.02.25";"FOLGELASTSCHRIFT";"KARTENZAHLUNG DANKE REF00038";"";"";"";"";"";"";"REWE Markt GmbH";"DE02120300000000202051";"HELADEF1HAN";"-31,23";"EUR";"Umsatz gebucht"
"DE02120300000000202051";"22.02.25";"22.02.25";"FOLGELASTSCHRIFT";"KARTENZAHLUNG DANKE REF00042";"";"";"";"";"";"";"REWE Markt GmbH";"DE02120300000000202051";"HELADEF1HAN";"-36,21";"EUR";"Umsatz gebucht"
"DE02120300000000202051";"24.02.25";"24.02.25";"FOLGELASTSCHRIFT";"BESTELLUNG DANKE REF00048";"";"";"";"";"";"";"McDonalds Deutschland";"DE02120300000000202051";"HELADEF1HAN";"-38,81";"EUR";"Umsatz gebucht"
"DE02120300000000202051";"25.02.25";"25.02.25";"FOLGELASTSCHRIFT";"SPARPLAN ETF MSCI WORLD 02/2025 REF00033";"";"";"";"";"";"";"Trade Republic Bank GmbH";"DE02120300000000202051";"HELADEF1HAN";"-200,00";"EUR";"Umsatz gebucht"
"DE02120300000000202051";"27.02.25";"27.02.25";"FOLGELASTSCHRIFT";"ENTGELT KONTOFUEHRUNG 02/2025 REF00035";"";"";"";"";"";"";"Sparkasse Hanau";"DE02120300000000202051";"HELADEF1HAN";"-4,90";"EUR";"Umsatz gebucht"
"DE02120300000000202051";"28.02.25";"28.02.25";"GUTSCHR. UEBERWEISUNG";"GEHALT 02/2025 REF00027";"";"";"";"";"";"";"Acme Software GmbH";"DE02120300000000202051";"HELADEF1HAN";"2850,00";"EUR";"Umsatz gebucht"
"DE02120300000000202051";"01.03.25";"01.03.25";"FOLGELASTSCHRIFT";"KARTENZAHLUNG DANKE REF00066";"";"";"";"";"";"";"LIDL Dienstleistung";"DE02120300000000202051";"HELADEF1HAN";"-90,98";"EUR";"Umsatz gebucht"
"DE02120300000000202051";"01.03.25";"01.03.25";"FOLGELASTSCHRIFT";"MIETE BERGSTRASSE 3 03/2025 REF00053";"";"";"";"";"";"";"Wohnbau Hanau GmbH";"DE02120300000000202051";"HELADEF1HAN";"-980,00";"EUR";"Umsatz gebucht"
"DE02120300000000202051";"02.03.25";"02.03.25";"FOLGELASTSCHRIFT";"ONLINE EINKAUF REF00072";"";"";"";"";"";"";"MediaMarkt";"DE02120300000000202051";"HELADEF1HAN";"-41,31";"EUR";"Umsatz gebucht"
"DE02120300000000202051";"03.03.25";"03.03.25";"FOLGELASTSCHRIFT";"ABSCHLAG STROM GAS 03/2025 REF00054";"";"";"";"";"";"";"Stadtwerke Hanau";"DE02120300000000202051";"HELADEF1HAN";"-128,00";"EUR";"Umsatz gebucht"
"DE02120300000000202051";"04.03.25";"04.03.25";"FOLGELASTSCHRIFT";"BESTELLUNG DANKE REF00071";"";"";"";"";"";"";"Cafe Central";"DE02120300000000202051";"HELADEF1HAN";"-56,38";"EUR";"Umsatz gebucht"
"DE02120300000000202051";"07.03.25";"07.03.25";"FOLGELASTSCHRIFT";"SPOTIFY PREMIUM 03/2025 REF00056";"";"";"";"";"";"";"Spotify AB";"DE02120300000000202051";"HELADEF1HAN";"-10,99";"EUR";"Umsatz gebucht"
"DE02120300000000202051";"10.03.25";"10.03.25";"FOLGELASTSCHRIFT";"KARTENZAHLUNG DANKE REF00065";"";"";"";"";"";"";"ALDI SUED";"DE02120300000000202051";"HELADEF1HAN";"-45,82";"EUR";"Umsatz gebucht"
"DE02120300000000202051";"12.03.25";"12.03.25";"FOLGELASTSCHRIFT";"BESTELLUNG DANKE REF00069";"";"";"";"";"";"";"Lieferando.de";"DE02120300000000202051";"HELADEF1HAN";"-47,89";"EUR";"Umsatz gebucht"
"DE02120300000000202051";"13.03.25";"13.03.25";"FOLGELASTSCHRIFT";"KARTENZAHLUNG DANKE REF00061";"";"";"";"";"";"";"ALDI SUED";"DE02120300000000202051";"HELADEF1HAN";"-41,20";"EUR";"Umsatz gebucht"
"DE02120300000000202051";"15.03.25";"15.03.25";"FOLGELASTSCHRIFT";"NETFLIX ABO 03/2025 REF00055";"";"";"";"";"";"";"NETFLIX INTERNATIONAL B.V.";"DE02120300000000202051";"HELADEF1HAN";"-13,99";"EUR";"Umsatz gebucht"
"DE02120300000000202051";"16.03.25";"16.03.25";"FOLGELASTSCHRIFT";"FAHRKARTE DEUTSCHE BAHN REF00073";"";"";"";"";"";"";"DB Vertrieb GmbH";"DE02120300000000202051";"HELADEF1HAN";"-68,04";"EUR";"Umsatz gebucht"
"DE02120300000000202051";"17.03.25";"17.03.25";"FOLGELASTSCHRIFT";"KARTENZAHLUNG DANKE REF00062";"";"";"";"";"";"";"REWE Markt GmbH";"DE02120300000000202051";"HELADEF1HAN";"-29,87";"EUR";"Umsatz gebucht"
"DE02120300000000202051";"17.03.25";"17.03.25";"FOLGELASTSCHRIFT";"KARTENZAHLUNG DANKE REF00067";"";"";"";"";"";"";"REWE Markt GmbH";"DE02120300000000202051";"HELADEF1HAN";"-74,29";"EUR";"Umsatz gebucht"
"DE02120300000000202051";"18.03.25";"18.03.25";"FOLGELASTSCHRIFT";"MOBILFUNK RECHNUNG 03/2025 REF00059";"";"";"";"";"";"";"Telekom Deutschland GmbH";"DE02120300000000202051";"HELADEF1HAN";"-19,99";"EUR";"Umsatz gebucht"
"DE02120300000000202051";"20.03.25";"20.03.25";"FOLGELASTSCHRIFT";"BESTELLUNG DANKE REF00070";"";"";"";"";"";"";"Lieferando.de";"DE02120300000000202051";"HELADEF1HAN";"-25,53";"EUR";"Umsatz gebucht"
"DE02120300000000202051";"20.03.25";"20.03.25";"FOLGELASTSCHRIFT";"MITGLIEDSBEITRAG FITNESS 03/2025 REF00057";"";"";"";"";"";"";"FitX Deutschland GmbH";"DE02120300000000202051";"HELADEF1HAN";"-29,90";"EUR";"Umsatz gebucht"
"DE02120300000000202051";"22.03.25";"22.03.25";"FOLGELASTSCHRIFT";"KARTENZAHLUNG DANKE REF00063";"";"";"";"";"";"";"LIDL Dienstleistung";"DE02120300000000202051";"HELADEF1HAN";"-70,70";"EUR";"Umsatz gebucht"
"DE02120300000000202051";"25.03.25";"25.03.25";"FOLGELASTSCHRIFT";"KARTENZAHLUNG DANKE REF00064";"";"";"";"";"";"";"REWE Markt GmbH";"DE02120300000000202051";"HELADEF1HAN";"-63,76";"EUR";"Umsatz gebucht"
"DE02120300000000202051";"25.03.25";"25.03.25";"FOLGELASTSCHRIFT";"SPARPLAN ETF MSCI WORLD 03/2025 REF00058";"";"";"";"";"";"";"Trade Republic Bank GmbH";"DE02120300000000202051";"HELADEF1HAN";"-200,00";"EUR";"Umsatz gebucht"
"DE02120300000000202051";"27.03.25";"27.03.25";"FOLGELASTSCHRIFT";"ENTGELT KONTOFUEHRUNG 03/2025 REF00060";"";"";"";"";"";"";"Sparkasse Hanau";"DE02120300000000202051";"HELADEF1HAN";"-4,90";"EUR";"Umsatz gebucht"
"DE02120300000000202051";"28.03.25";"28.03.25";"GUTSCHR. UEBERWEISUNG";"GEHALT 03/2025 REF00052";"";"";"";"";"";"";"Acme Software GmbH";"DE02120300000000202051";"HELADEF1HAN";"2850,00";"EUR";"Umsatz gebucht"
"DE02120300000000202051";"28.03.25";"28.03.25";"FOLGELASTSCHRIFT";"KARTENZAHLUNG DANKE REF00068";"";"";"";"";"";"";"EDEKA Center";"DE02120300000000202051";"HELADEF1HAN";"-62,40";"EUR";"Umsatz gebucht"
"DE02120300000000202051";"01.04.25";"01.04.25";"FOLGELASTSCHRIFT";"MIETE BERGSTRASSE 3 04/2025 REF00075";"";"";"";"";"";"";"Wohnbau Hanau GmbH";"DE02120300000000202051";"HELADEF1HAN";"-980,00";"EUR";"Umsatz gebucht"
"DE02120300000000202051";"02.04.25";"02.04.25";"FOLGELASTSCHRIFT";"BESTELLUNG DANKE REF00099";"";"";"";"";"";"";"Cafe Central";"DE02120300000000202051";"HELADEF1HAN";"-29,53";"EUR";"Umsatz gebucht"
"DE02120300000000202051";"03.04.25";"03.04.25";"FOLGELASTSCHRIFT";"ABSCHLAG STROM GAS 04/2025 REF00076";"";"";"";"";"";"";"Stadtwerke Hanau";"DE02120300000000202051";"HELADEF1HAN";"-128,00";"EUR";"Umsatz gebucht"
"DE02120300000000202051";"03.04.25";"03.04.25";"FOLGELASTSCHRIFT";"KARTENZAHLUNG DANKE REF00092";"";"";"";"";"";"";"LIDL Dienstleistung";"DE02120300000000202051";"HELADEF1HAN";"-86,77";"EUR";"Umsatz gebucht"
"DE02120300000000202051";"03.04.25";"03.04.25";"FOLGELASTSCHRIFT";"KARTENZAHLUNG DANKE REF00093";"";"";"";"";"";"";"LIDL Dienstleistung";"DE02120300000000202051";"HELADEF1HAN";"-52,73";"EUR";"Umsatz gebucht"
"DE02120300000000202051";"04.04.25";"04.04.25";"FOLGELASTSCHRIFT";"KARTENZAHLUNG DANKE REF00088";"";"";"";"";"";"";"REWE Markt GmbH";"DE02120300000000202051";"HELADEF1HAN";"-29,57";"EUR";"Umsatz gebucht"
"DE02120300000000202051";"07.04.25";"07.04.25";"FOLGELASTSCHRIFT";"BARGELDAUSZAHLUNG REF00100";"";"";"";"";"";"";"Geldautomat Sparkasse";"DE02120300000000202051";"HELADEF1HAN";"-150,00";"EUR";"Umsatz gebucht"
"DE02120300000000202051";"07.04.25";"07.04.25";"FOLGELASTSCHRIFT";"BESTELLUNG DANKE REF00096";"";"";"";"";"";"";"McDonalds Deutschland";"DE02120300000000202051";"HELADEF1HAN";"-13,81";"EUR";"Umsatz gebucht"
"DE02120300000000202051";"07.04.25";"07.04.25";"FOLGELASTSCHRIFT";"KARTENZAHLUNG DANKE REF00085";"";"";"";"";"";"";"EDEKA Center";"DE02120300000000202051";"HELADEF1HAN";"-88,82";"EUR";"Umsatz gebucht"
"DE02120300000000202051";"07.04.25";"07.04.25";"FOLGELASTSCHRIFT";"SPOTIFY PREMIUM 04/2025 REF00078";"";"";"";"";"";"";"Spotify AB";"DE02120300000000202051";"HELADEF1HAN";"-10,99";"EUR";"Umsatz gebucht"
"DE02120300000000202051";"08.04.25";"08.04.25";"FOLGELASTSCHRIFT";"BESTELLUNG DANKE REF00095";"";"";"";"";"";"";"McDonalds Deutschland";"DE02120300000000202051";"HELADEF1HAN";"-49,02";"EUR";"Umsatz gebucht"
"DE02120300000000202051";"10.04.25";"10.04.25";"FOLGELASTSCHRIFT";"HAFTPFLICHT JAHRESBEITRAG 2025 REF00102";"";"";"";"";"";"";"HUK-COBURG Versicherung";"DE02120300000000202051";"HELADEF1HAN";"-89,00";"EUR";"Umsatz gebucht"
"DE02120300000000202051";"11.04.25";"11.04.25";"FOLGELASTSCHRIFT";"KARTENZAHLUNG DANKE REF00089";"";"";"";"";"";"";"EDEKA Center";"DE02120300000000202051";"HELADEF1HAN";"-9,83";"EUR";"Umsatz gebucht"
"DE02120300000000202051";"12.04.25";"12.04.25";"FOLGELASTSCHRIFT";"BESTELLUNG DANKE REF00097";"";"";"";"";"";"";"McDonalds Deutschland";"DE02120300000000202051";"HELADEF1HAN";"-30,60";"EUR";"Umsatz gebucht"
"DE02120300000000202051";"14.04.25";"14.04.25";"FOLGELASTSCHRIFT";"FAHRKARTE DEUTSCHE BAHN REF00101";"";"";"";"";"";"";"DB Vertrieb GmbH";"DE02120300000000202051";"HELADEF1HAN";"-26,93";"EUR";"Umsatz gebucht"
"DE02120300000000202051";"15.04.25";"15.04.25";"FOLGELASTSCHRIFT";"KARTENZAHLUNG DANKE REF00087";"";"";"";"";"";"";"ALDI SUED";"DE02120300000000202051";"HELADEF1HAN";"-86,27";"EUR";"Umsatz gebucht"
"DE02120300000000202051";"15.04.25";"15.04.25";"FOLGELASTSCHRIFT";"NETFLIX ABO 04/2025 REF00077";"";"";"";"";"";"";"NETFLIX INTERNATIONAL B.V.";"DE02120300000000202051";"HELADEF1HAN";"-13,99";"EUR";"Umsatz gebucht"
"DE02120300000000202051";"18.04.25";"18.04.25";"FOLGELASTSCHRIFT";"KARTENZAHLUNG DANKE REF00084";"";"";"";"";"";"";"ALDI SUED";"DE02120300000000202051";"HELADEF1HAN";"-22,37";"EUR";"Umsatz gebucht"
"DE02120300000000202051";"18.04.25";"18.04.25";"FOLGELASTSCHRIFT";"MOBILFUNK RECHNUNG 04/2025 REF00081";"";"";"";"";"";"";"Telekom Deutschland GmbH";"DE02120300000000202051";"HELADEF1HAN";"-19,99";"EUR";"Umsatz gebucht"
"DE02120300000000202051";"19.04.25";"19.04.25";"FOLGELASTSCHRIFT";"KARTENZAHLUNG DANKE REF00090";"";"";"";"";"";"";"REWE Markt GmbH";"DE02120300000000202051";"HELADEF1HAN";"-27,16";"EUR";"Umsatz gebucht"
"DE02120300000000202051";"20.04.25";"20.04.25";"FOLGELASTSCHRIFT";"MITGLIEDSBEITRAG FITNESS 04/2025 REF00079";"";"";"";"";"";"";"FitX Deutschland GmbH";"DE02120300000000202051";"HELADEF1HAN";"-29,90";"EUR";"Umsatz gebucht"
"DE02120300000000202051";"22.04.25";"22.04.25";"FOLGELASTSCHRIFT";"KARTENZAHLUNG DANKE REF00094";"";"";"";"";"";"";"EDEKA Center";"DE02120300000000202051";"HELADEF1HAN";"-50,23";"EUR";"Umsatz gebucht"
"DE02120300000000202051";"23.04.25";"23.04.25";"FOLGELASTSCHRIFT";"KARTENZAHLUNG DANKE REF00086";"";"";"";"";"";"";"LIDL Dienstleistung";"DE02120300000000202051";"HELADEF1HAN";"-35,12";"EUR";"Umsatz gebucht"
"DE02120300000000202051";"23.04.25";"23.04.25";"FOLGELASTSCHRIFT";"KARTENZAHLUNG DANKE REF00091";"";"";"";"";"";"";"EDEKA Center";"DE02120300000000202051";"HELADEF1HAN";"-62,91";"EUR";"Umsatz gebucht"
"DE02120300000000202051";"25.04.25";"25.04.25";"FOLGELASTSCHRIFT";"KARTENZAHLUNG DANKE REF00083";"";"";"";"";"";"";"ALDI SUED";"DE02120300000000202051";"HELADEF1HAN";"-18,94";"EUR";"Umsatz gebucht"
"DE02120300000000202051";"25.04.25";"25.04.25";"FOLGELASTSCHRIFT";"SPARPLAN ETF MSCI WORLD 04/2025 REF00080";"";"";"";"";"";"";"Trade Republic Bank GmbH";"DE02120300000000202051";"HELADEF1HAN";"-200,00";"EUR";"Umsatz gebucht"
"DE02120300000000202051";"27.04.25";"27.04.25";"FOLGELASTSCHRIFT";"ENTGELT KONTOFUEHRUNG 04/2025 REF00082";"";"";"";"";"";"";"Sparkasse Hanau";"DE02120300000000202051";"HELADEF1HAN";"-4,90";"EUR";"Umsatz gebucht"
"DE02120300000000202051";"28.04.25";"28.04.25";"FOLGELASTSCHRIFT";"BESTELLUNG DANKE REF00098";"";"";"";"";"";"";"Lieferando.de";"DE02120300000000202051";"HELADEF1HAN";"-46,18";"EUR";"Umsatz gebucht"
"DE02120300000000202051";"28.04.25";"28.04.25";"GUTSCHR. UEBERWEISUNG";"GEHALT 04/2025 REF00074";"";"";"";"";"";"";"Acme Software GmbH";"DE02120300000000202051";"HELADEF1HAN";"2850,00";"EUR";"Umsatz gebucht"
"DE02120300000000202051";"01.05.25";"01.05.25";"FOLGELASTSCHRIFT";"MIETE BERGSTRASSE 3 05/2025 REF00104";"";"";"";"";"";"";"Wohnbau Hanau GmbH";"DE02120300000000202051";"HELADEF1HAN";"-980,00";"EUR";"Umsatz gebucht"
"DE02120300000000202051";"02.05.25";"02.05.25";"FOLGELASTSCHRIFT";"KARTENZAHLUNG DANKE REF00113";"";"";"";"";"";"";"REWE Markt GmbH";"DE02120300000000202051";"HELADEF1HAN";"-64,74";"EUR";"Umsatz gebucht"
"DE02120300000000202051";"03.05.25";"03.05.25";"FOLGELASTSCHRIFT";"ABSCHLAG STROM GAS 05/2025 REF00105";"";"";"";"";"";"";"Stadtwerke Hanau";"DE02120300000000202051";"HELADEF1HAN";"-128,00";"EUR";"Umsatz gebucht"
"DE02120300000000202051";"03.05.25";"03.05.25";"FOLGELASTSCHRIFT";"KARTENZAHLUNG DANKE REF00114";"";"";"";"";"";"";"EDEKA Center";"DE02120300000000202051";"HELADEF1HAN";"-88,59";"EUR";"Umsatz gebucht"
"DE02120300000000202051";"03.05.25";"03.05.25";"FOLGELASTSCHRIFT";"ONLINE EINKAUF REF00125";"";"";"";"";"";"";"AMAZON EU S.A R.L.";"DE02120300000000202051";"HELADEF1HAN";"-120,67";"EUR";"Umsatz gebucht"
"DE02120300000000202051";"06.05.25";"06.05.25";"FOLGELASTSCHRIFT";"KARTENZAHLUNG DANKE REF00115";"";"";"";"";"";"";"ALDI SUED";"DE02120300000000202051";"HELADEF1HAN";"-43,36";"EUR";"Umsatz gebucht"
"DE02120300000000202051";"06.05.25";"06.05.25";"FOLGELASTSCHRIFT";"KARTENZAHLUNG DANKE REF00117";"";"";"";"";"";"";"ALDI SUED";"DE02120300000000202051";"HELADEF1HAN";"-40,97";"EUR";"Umsatz gebucht"
"DE02120300000000202051";"06.05.25";"06.05.25";"FOLGELASTSCHRIFT";"ONLINE EINKAUF REF00124";"";"";"";"";"";"";"MediaMarkt";"DE02120300000000202051";"HELADEF1HAN";"-17,39";"EUR";"Umsatz gebucht"
"DE02120300000000202051";"07.05.25";"07.05.25";"FOLGELASTSCHRIFT";"BESTELLUNG DANKE REF00120";"";"";"";"";"";"";"Lieferando.de";"DE02120300000000202051";"HELADEF1HAN";"-24,13";"EUR";"Umsatz gebucht"
"DE02120300000000202051";"07.05.25";"07.05.25";"FOLGELASTSCHRIFT";"KARTENZAHLUNG DANKE REF00116";"";"";"";"";"";"";"REWE Markt GmbH";"DE02120300000000202051";"HELADEF1HAN";"-83,22";"EUR";"Umsatz gebucht"
"DE02120300000000202051";"07.05.25";"07.05.25";"FOLGELASTSCHRIFT";"SPOTIFY PREMIUM 05/2025 REF00107";"";"";"";"";"";"";"Spotify AB";"DE02120300000000202051";"HELADEF1HAN";"-10,99";"EUR";"Umsatz gebucht"
"DE02120300000000202051";"09.05.25";"09.05.25";"FOLGELASTSCHRIFT";"KARTENZAHLUNG DANKE REF00118";"";"";"";"";"";"";"ALDI SUED";"DE02120300000000202051";"HELADEF1HAN";"-88,61";"EUR";"Umsatz gebucht"
"DE02120300000000202051";"10.05.25";"10.05.25";"FOLGELASTSCHRIFT";"KARTENZAHLUNG DANKE REF00119";"";"";"";"";"";"";"ALDI SUED";"DE02120300000000202051";"HELADEF1HAN";"-44,80";"EUR";"Umsatz gebucht"
"DE02120300000000202051";"15.05.25";"15.05.25";"FOLGELASTSCHRIFT";"KARTENZAHLUNG DANKE REF00112";"";"";"";"";"";"";"REWE Markt GmbH";"DE02120300000000202051";"HELADEF1HAN";"-78,30";"EUR";"Umsatz gebucht"
"DE02120300000000202051";"15.05.25";"15.05.25";"FOLGELASTSCHRIFT";"NETFLIX ABO 05/2025 REF00106";"";"";"";"";"";"";"NETFLIX INTERNATIONAL B.V.";"DE02120300000000202051";"HELADEF1HAN";"-13,99";"EUR";"Umsatz gebucht"
"DE02120300000000202051";"17.05.25";"17.05.25";"FOLGELASTSCHRIFT";"ONLINE EINKAUF REF00123";"";"";"";"";"";"";"MediaMarkt";"DE02120300000000202051";"HELADEF1HAN";"-129,52";"EUR";"Umsatz gebucht"
"DE02120300000000202051";"18.05.25";"18.05.25";"FOLGELASTSCHRIFT";"MOBILFUNK RECHNUNG 05/2025 REF00110";"";"";"";"";"";"";"Telekom Deutschland GmbH";"DE02120300000000202051";"HELADEF1HAN";"-19,99";"EUR";"Umsatz gebucht"
"DE02120300000000202051";"19.05.25";"19.05.25";"FOLGELASTSCHRIFT";"BESTELLUNG DANKE REF00121";"";"";"";"";"";"";"Lieferando.de";"DE02120300000000202051";"HELADEF1HAN";"-46,52";"EUR";"Umsatz gebucht"
"DE02120300000000202051";"19.05.25";"19.05.25";"FOLGELASTSCHRIFT";"FAHRKARTE DEUTSCHE BAHN REF00127";"";"";"";"";"";"";"DB Vertrieb GmbH";"DE02120300000000202051";"HELADEF1HAN";"-31,00";"EUR";"Umsatz gebucht"
"DE02120300000000202051";"20.05.25";"20.05.25";"FOLGELASTSCHRIFT";"MITGLIEDSBEITRAG FITNESS 05/2025 REF00108";"";"";"";"";"";"";"FitX Deutschland GmbH";"DE02120300000000202051";"HELADEF1HAN";"-29,90";"EUR";"Umsatz gebucht"
"DE02120300000000202051";"22.05.25";"22.05.25";"FOLGELASTSCHRIFT";"BARGELDAUSZAHLUNG REF00126";"";"";"";"";"";"";"Geldautomat Sparkasse";"DE02120300000000202051";"HELADEF1HAN";"-50,00";"EUR";"Umsatz gebucht"
"DE02120300000000202051";"24.05.25";"24.05.25";"FOLGELASTSCHRIFT";"BESTELLUNG DANKE REF00122";"";"";"";"";"";"";"Lieferando.de";"DE02120300000000202051";"HELADEF1HAN";"-24,99";"EUR";"Umsatz gebucht"
"DE02120300000000202051";"25.05.25";"25.05.25";"FOLGELASTSCHRIFT";"SPARPLAN ETF MSCI WORLD 05/2025 REF00109";"";"";"";"";"";"";"Trade Republic Bank GmbH";"DE02120300000000202051";"HELADEF1HAN";"-200,00";"EUR";"Umsatz gebucht"
"DE02120300000000202051";"27.05.25";"27.05.25";"FOLGELASTSCHRIFT";"ENTGELT KONTOFUEHRUNG 05/2025 REF00111";"";"";"";"";"";"";"Sparkasse Hanau";"DE02120300000000202051";"HELADEF1HAN";"-4,90";"EUR";"Umsatz gebucht"
"DE02120300000000202051";"28.05.25";"28.05.25";"GUTSCHR. UEBERWEISUNG";"GEHALT 05/2025 REF00103";"";"";"";"";"";"";"Acme Software GmbH";"DE02120300000000202051";"HELADEF1HAN";"2850,00";"EUR";"Umsatz gebucht"
"DE02120300000000202051";"01.06.25";"01.06.25";"FOLGELASTSCHRIFT";"KARTENZAHLUNG DANKE REF00142";"";"";"";"";"";"";"REWE Markt GmbH";"DE02120300000000202051";"HELADEF1HAN";"-47,87";"EUR";"Umsatz gebucht"
"DE02120300000000202051";"01.06.25";"01.06.25";"FOLGELASTSCHRIFT";"MIETE BERGSTRASSE 3 06/2025 REF00129";"";"";"";"";"";"";"Wohnbau Hanau GmbH";"DE02120300000000202051";"HELADEF1HAN";"-980,00";"EUR";"Umsatz gebucht"
"DE02120300000000202051";"03.06.25";"03.06.25";"FOLGELASTSCHRIFT";"ABSCHLAG STROM GAS 06/2025 REF00130";"";"";"";"";"";"";"Stadtwerke Hanau";"DE02120300000000202051";"HELADEF1HAN";"-128,00";"EUR";"Umsatz gebucht"
"DE02120300000000202051";"03.06.25";"03.06.25";"FOLGELASTSCHRIFT";"KARTENZAHLUNG DANKE REF00137";"";"";"";"";"";"";"LIDL Dienstleistung";"DE02120300000000202051";"HELADEF1HAN";"-44,47";"EUR";"Umsatz gebucht"
"DE02120300000000202051";"03.06.25";"03.06.25";"FOLGELASTSCHRIFT";"KARTENZAHLUNG DANKE REF00143";"";"";"";"";"";"";"LIDL Dienstleistung";"DE02120300000000202051";"HELADEF1HAN";"-54,77";"EUR";"Umsatz gebucht"
"DE02120300000000202051";"05.06.25";"05.06.25";"FOLGELASTSCHRIFT";"BESTELLUNG DANKE REF00149";"";"";"";"";"";"";"Lieferando.de";"DE02120300000000202051";"HELADEF1HAN";"-22,49";"EUR";"Umsatz gebucht"
"DE02120300000000202051";"05.06.25";"05.06.25";"FOLGELASTSCHRIFT";"KARTENZAHLUNG DANKE REF00144";"";"";"";"";"";"";"REWE Markt GmbH";"DE02120300000000202051";"HELADEF1HAN";"-89,19";"EUR";"Umsatz gebucht"
"DE02120300000000202051";"07.06.25";"07.06.25";"FOLGELASTSCHRIFT";"ONLINE EINKAUF REF00152";"";"";"";"";"";"";"Zalando SE";"DE02120300000000202051";"HELADEF1HAN";"-99,37";"EUR";"Umsatz gebucht"
"DE02120300000000202051";"07.06.25";"07.06.25";"FOLGELASTSCHRIFT";"SPOTIFY PREMIUM 06/2025 REF00132";"";"";"";"";"";"";"Spotify AB";"DE02120300000000202051";"HELADEF1HAN";"-10,99";"EUR";"Umsatz gebucht"
"DE02120300000000202051";"08.06.25";"08.06.25";"FOLGELASTSCHRIFT";"KARTENZAHLUNG DANKE REF00139";"";"";"";"";"";"";"EDEKA Center";"DE02120300000000202051";"HELADEF1HAN";"-31,11";"EUR";"Umsatz gebucht"
"DE02120300000000202051";"08.06.25";"08.06.25";"FOLGELASTSCHRIFT";"KARTENZAHLUNG DANKE REF00145";"";"";"";"";"";"";"EDEKA Center";"DE02120300000000202051";"HELADEF1HAN";"-40,15";"EUR";"Umsatz gebucht"
"DE02120300000000202051";"09.06.25";"09.06.25";"FOLGELASTSCHRIFT";"BARGELDAUSZAHLUNG REF00153";"";"";"";"";"";"";"Geldautomat Sparkasse";"DE02120300000000202051";"HELADEF1HAN";"-50,00";"EUR";"Umsatz gebucht"
"DE02120300000000202051";"09.06.25";"09.06.25";"FOLGELASTSCHRIFT";"KARTENZAHLUNG DANKE REF00138";"";"";"";"";"";"";"LIDL Dienstleistung";"DE02120300000000202051";"HELADEF1HAN";"-25,77";"EUR";"Umsatz gebucht"
"DE02120300000000202051";"11.06.25";"11.06.25";"FOLGELASTSCHRIFT";"EINKAUF DROGERIE REF00155";"";"";"";"";"";"";"dm-drogerie markt";"DE02120300000000202051";"HELADEF1HAN";"-35,84";"EUR";"Umsatz gebucht"
"DE02120300000000202051";"11.06.25";"11.06.25";"FOLGELASTSCHRIFT";"KARTENZAHLUNG DANKE REF00141";"";"";"";"";"";"";"REWE Markt GmbH";"DE02120300000000202051";"HELADEF1HAN";"-88,82";"EUR";"Umsatz gebucht"
"DE02120300000000202051";"14.06.25";"14.06.25";"FOLGELASTSCHRIFT";"FAHRKARTE DEUTSCHE BAHN REF00154";"";"";"";"";"";"";"DB Vertrieb GmbH";"DE02120300000000202051";"HELADEF1HAN";"-68,91";"EUR";"Umsatz gebucht"
"DE02120300000000202051";"15.06.25";"15.06.25";"FOLGELASTSCHRIFT";"KARTENZAHLUNG DANKE REF00146";"";"";"";"";"";"";"LIDL Dienstleistung";"DE02120300000000202051";"HELADEF1HAN";"-80,54";"EUR";"Umsatz gebucht"
"DE02120300000000202051";"15.06.25";"15.06.25";"FOLGELASTSCHRIFT";"NETFLIX ABO 06/2025 REF00131";"";"";"";"";"";"";"NETFLIX INTERNATIONAL B.V.";"DE02120300000000202051";"HELADEF1HAN";"-13,99";"EUR";"Umsatz gebucht"
"DE02120300000000202051";"18.06.25";"18.06.25";"FOLGELASTSCHRIFT";"MOBILFUNK RECHNUNG 06/2025 REF00135";"";"";"";"";"";"";"Telekom Deutschland GmbH";"DE02120300000000202051";"HELADEF1HAN";"-19,99";"EUR";"Umsatz gebucht"
"DE02120300000000202051";"20.06.25";"20.06.25";"FOLGELASTSCHRIFT";"KARTENZAHLUNG DANKE REF00147";"";"";"";"";"";"";"REWE Markt GmbH";"DE02120300000000202051";"HELADEF1HAN";"-93,60";"EUR";"Umsatz gebucht"
"DE02120300000000202051";"20.06.25";"20.06.25";"FOLGELASTSCHRIFT";"MITGLIEDSBEITRAG FITNESS 06/2025 REF00133";"";"";"";"";"";"";"FitX Deutschland GmbH";"DE02120300000000202051";"HELADEF1HAN";"-29,90";"EUR";"Umsatz gebucht"
"DE02120300000000202051";"20.06.25";"20.06.25";"FOLGELASTSCHRIFT";"ONLINE EINKAUF REF00151";"";"";"";"";"";"";"Zalando SE";"DE02120300000000202051";"HELADEF1HAN";"-37,38";"EUR";"Umsatz gebucht"
"DE02120300000000202051";"22.06.25";"22.06.25";"FOLGELASTSCHRIFT";"KARTENZAHLUNG DANKE REF00140";"";"";"";"";"";"";"ALDI SUED";"DE02120300000000202051";"HELADEF1HAN";"-64,16";"EUR";"Umsatz gebucht"
"DE02120300000000202051";"22.06.25";"22.06.25";"FOLGELASTSCHRIFT";"KARTENZAHLUNG DANKE REF00148";"";"";"";"";"";"";"LIDL Dienstleistung";"DE02120300000000202051";"HELADEF1HAN";"-79,09";"EUR";"Umsatz gebucht"
"DE02120300000000202051";"24.06.25";"24.06.25";"FOLGELASTSCHRIFT";"BESTELLUNG DANKE REF00150";"";"";"";"";"";"";"Cafe Central";"DE02120300000000202051";"HELADEF1HAN";"-37,21";"EUR";"Umsatz gebucht"
"DE02120300000000202051";"25.06.25";"25.06.25";"FOLGELASTSCHRIFT";"SPARPLAN ETF MSCI WORLD 06/2025 REF00134";"";"";"";"";"";"";"Trade Republic Bank GmbH";"DE02120300000000202051";"HELADEF1HAN";"-200,00";"EUR";"Umsatz gebucht"
"DE02120300000000202051";"27.06.25";"27.06.25";"FOLGELASTSCHRIFT";"ENTGELT KONTOFUEHRUNG 06/2025 REF00136";"";"";"";"";"";"";"Sparkasse Hanau";"DE02120300000000202051";"HELADEF1HAN";"-4,90";"EUR";"Umsatz gebucht"
"DE02120300000000202051";"28.06.25";"28.06.25";"GUTSCHR. UEBERWEISUNG";"GEHALT 06/2025 REF00128";"";"";"";"";"";"";"Acme Software GmbH";"DE02120300000000202051";"HELADEF1HAN";"2850,00";"EUR";"Umsatz gebucht"
"DE02120300000000202051";"01.07.25";"01.07.25";"FOLGELASTSCHRIFT";"BESTELLUNG DANKE REF00175";"";"";"";"";"";"";"Cafe Central";"DE02120300000000202051";"HELADEF1HAN";"-18,15";"EUR";"Umsatz gebucht"
"DE02120300000000202051";"01.07.25";"01.07.25";"FOLGELASTSCHRIFT";"MIETE BERGSTRASSE 3 07/2025 REF00157";"";"";"";"";"";"";"Wohnbau Hanau GmbH";"DE02120300000000202051";"HELADEF1HAN";"-980,00";"EUR";"Umsatz gebucht"
"DE02120300000000202051";"03.07.25";"03.07.25";"FOLGELASTSCHRIFT";"ABSCHLAG STROM GAS 07/2025 REF00158";"";"";"";"";"";"";"Stadtwerke Hanau";"DE02120300000000202051";"HELADEF1HAN";"-128,00";"EUR";"Umsatz gebucht"
"DE02120300000000202051";"06.07.25";"06.07.25";"FOLGELASTSCHRIFT";"KARTENZAHLUNG DANKE REF00165";"";"";"";"";"";"";"ALDI SUED";"DE02120300000000202051";"HELADEF1HAN";"-72,49";"EUR";"Umsatz gebucht"
"DE02120300000000202051";"07.07.25";"07.07.25";"FOLGELASTSCHRIFT";"SPOTIFY PREMIUM 07/2025 REF00160";"";"";"";"";"";"";"Spotify AB";"DE02120300000000202051";"HELADEF1HAN";"-10,99";"EUR";"Umsatz gebucht"
"DE02120300000000202051";"08.07.25";"08.07.25";"FOLGELASTSCHRIFT";"BESTELLUNG DANKE REF00179";"";"";"";"";"";"";"McDonalds Deutschland";"DE02120300000000202051";"HELADEF1HAN";"-19,18";"EUR";"Umsatz gebucht"
"DE02120300000000202051";"08.07.25";"08.07.25";"FOLGELASTSCHRIFT";"ONLINE EINKAUF REF00181";"";"";"";"";"";"";"AMAZON EU S.A R.L.";"DE02120300000000202051";"HELADEF1HAN";"-13,08";"EUR";"Umsatz gebucht"
"DE02120300000000202051";"09.07.25";"09.07.25";"FOLGELASTSCHRIFT";"BARGELDAUSZAHLUNG REF00182";"";"";"";"";"";"";"Geldautomat Sparkasse";"DE02120300000000202051";"HELADEF1HAN";"-50,00";"EUR";"Umsatz gebucht"
"DE02120300000000202051";"09.07.25";"09.07.25";"FOLGELASTSCHRIFT";"BESTELLUNG DANKE REF00177";"";"";"";"";"";"";"Lieferando.de";"DE02120300000000202051";"HELADEF1HAN";"-17,12";"EUR";"Umsatz gebucht"
"DE02120300000000202051";"10.07.25";"10.07.25";"FOLGELASTSCHRIFT";"ONLINE EINKAUF REF00180";"";"";"";"";"";"";"AMAZON EU S.A R.L.";"DE02120300000000202051";"HELADEF1HAN";"-116,67";"EUR";"Umsatz gebucht"
"DE02120300000000202051";"12.07.25";"12.07.25";"FOLGELASTSCHRIFT";"KARTENZAHLUNG DANKE REF00170";"";"";"";"";"";"";"REWE Markt GmbH";"DE02120300000000202051";"HELADEF1HAN";"-86,21";"EUR";"Umsatz gebucht"
"DE02120300000000202051";"12.07.25";"12.07.25";"FOLGELASTSCHRIFT";"KARTENZAHLUNG DANKE REF00171";"";"";"";"";"";"";"EDEKA Center";"DE02120300000000202051";"HELADEF1HAN";"-26,28";"EUR";"Umsatz gebucht"
"DE02120300000000202051";"13.07.25";"13.07.25";"FOLGELASTSCHRIFT";"BESTELLUNG DANKE REF00178";"";"";"";"";"";"";"McDonalds Deutschland";"DE02120300000000202051";"HELADEF1HAN";"-53,48";"EUR";"Umsatz gebucht"
"DE02120300000000202051";"14.07.25";"14.07.25";"FOLGELASTSCHRIFT";"KARTENZAHLUNG DANKE REF00169";"";"";"";"";"";"";"LIDL Dienstleistung";"DE02120300000000202051";"HELADEF1HAN";"-19,09";"EUR";"Umsatz gebucht"
"DE02120300000000202051";"15.07.25";"15.07.25";"FOLGELASTSCHRIFT";"NETFLIX ABO 07/2025 REF00159";"";"";"";"";"";"";"NETFLIX INTERNATIONAL B.V.";"DE02120300000000202051";"HELADEF1HAN";"-13,99";"EUR";"Umsatz gebucht"
"DE02120300000000202051";"18.07.25";"18.07.25";"FOLGELASTSCHRIFT";"KARTENZAHLUNG DANKE REF00166";"";"";"";"";"";"";"REWE Markt GmbH";"DE02120300000000202051";"HELADEF1HAN";"-8,84";"EUR";"Umsatz gebucht"
"DE02120300000000202051";"18.07.25";"18.07.25";"FOLGELASTSCHRIFT";"MOBILFUNK RECHNUNG 07/2025 REF00163";"";"";"";"";"";"";"Telekom Deutschland GmbH";"DE02120300000000202051";"HELADEF1HAN";"-19,99";"EUR";"Umsatz gebucht"
"DE02120300000000202051";"20.07.25";"20.07.25";"FOLGELASTSCHRIFT";"KARTENZAHLUNG DANKE REF00173";"";"";"";"";"";"";"EDEKA Center";"DE02120300000000202051";"HELADEF1HAN";"-73,20";"EUR";"Umsatz gebucht"
"DE02120300000000202051";"20.07.25";"20.07.25";"FOLGELASTSCHRIFT";"MITGLIEDSBEITRAG FITNESS 07/2025 REF00161";"";"";"";"";"";"";"FitX Deutschland GmbH";"DE02120300000000202051";"HELADEF1HAN";"-29,90";"EUR";"Umsatz gebucht"
"DE02120300000000202051";"21.07.25";"21.07.25";"FOLGELASTSCHRIFT";"EINKAUF DROGERIE REF00183";"";"";"";"";"";"";"dm-drogerie markt";"DE02120300000000202051";"HELADEF1HAN";"-25,38";"EUR";"Umsatz gebucht"
"DE02120300000000202051";"22.07.25";"22.07.25";"FOLGELASTSCHRIFT";"KARTENZAHLUNG DANKE REF00172";"";"";"";"";"";"";"ALDI SUED";"DE02120300000000202051";"HELADEF1HAN";"-16,94";"EUR";"Umsatz gebucht"
"DE02120300000000202051";"23.07.25";"23.07.25";"FOLGELASTSCHRIFT";"KARTENZAHLUNG DANKE REF00167";"";"";"";"";"";"";"REWE Markt GmbH";"DE02120300000000202051";"HELADEF1HAN";"-86,64";"EUR";"Umsatz gebucht"
"DE02120300000000202051";"25.07.25";"25.07.25";"FOLGELASTSCHRIFT";"SPARPLAN ETF MSCI WORLD 07/2025 REF00162";"";"";"";"";"";"";"Trade Republic Bank GmbH";"DE02120300000000202051";"HELADEF1HAN";"-200,00";"EUR";"Umsatz gebucht"
"DE02120300000000202051";"26.07.25";"26.07.25";"FOLGELASTSCHRIFT";"BESTELLUNG DANKE REF00176";"";"";"";"";"";"";"Pizzeria Bella Italia";"DE02120300000000202051";"HELADEF1HAN";"-56,47";"EUR";"Umsatz gebucht"
"DE02120300000000202051";"27.07.25";"27.07.25";"FOLGELASTSCHRIFT";"ENTGELT KONTOFUEHRUNG 07/2025 REF00164";"";"";"";"";"";"";"Sparkasse Hanau";"DE02120300000000202051";"HELADEF1HAN";"-4,90";"EUR";"Umsatz gebucht"
"DE02120300000000202051";"27.07.25";"27.07.25";"FOLGELASTSCHRIFT";"KARTENZAHLUNG DANKE REF00168";"";"";"";"";"";"";"EDEKA Center";"DE02120300000000202051";"HELADEF1HAN";"-40,12";"EUR";"Umsatz gebucht"
"DE02120300000000202051";"28.07.25";"28.07.25";"GUTSCHR. UEBERWEISUNG";"GEHALT 07/2025 REF00156";"";"";"";"";"";"";"Acme Software GmbH";"DE02120300000000202051";"HELADEF1HAN";"2850,00";"EUR";"Umsatz gebucht"
"DE02120300000000202051";"28.07.25";"28.07.25";"FOLGELASTSCHRIFT";"KARTENZAHLUNG DANKE REF00174";"";"";"";"";"";"";"EDEKA Center";"DE02120300000000202051";"HELADEF1HAN";"-22,14";"EUR";"Umsatz gebucht"
"DE02120300000000202051";"01.08.25";"01.08.25";"FOLGELASTSCHRIFT";"KARTENZAHLUNG DANKE REF00200";"";"";"";"";"";"";"EDEKA Center";"DE02120300000000202051";"HELADEF1HAN";"-53,23";"EUR";"Umsatz gebucht"
"DE02120300000000202051";"01.08.25";"01.08.25";"FOLGELASTSCHRIFT";"MIETE BERGSTRASSE 3 08/2025 REF00185";"";"";"";"";"";"";"Wohnbau Hanau GmbH";"DE02120300000000202051";"HELADEF1HAN";"-980,00";"EUR";"Umsatz gebucht"
"DE02120300000000202051";"02.08.25";"02.08.25";"FOLGELASTSCHRIFT";"KARTENZAHLUNG DANKE REF00195";"";"";"";"";"";"";"ALDI SUED";"DE02120300000000202051";"HELADEF1HAN";"-17,43";"EUR";"Umsatz gebucht"
"DE02120300000000202051";"03.08.25";"03.08.25";"FOLGELASTSCHRIFT";"ABSCHLAG STROM GAS 08/2025 REF00186";"";"";"";"";"";"";"Stadtwerke Hanau";"DE02120300000000202051";"HELADEF1HAN";"-128,00";"EUR";"Umsatz gebucht"
"DE02120300000000202051";"07.08.25";"07.08.25";"FOLGELASTSCHRIFT";"ONLINE EINKAUF REF00209";"";"";"";"";"";"";"MediaMarkt";"DE02120300000000202051";"HELADEF1HAN";"-65,89";"EUR";"Umsatz gebucht"
"DE02120300000000202051";"07.08.25";"07.08.25";"FOLGELASTSCHRIFT";"SPOTIFY PREMIUM 08/2025 REF00188";"";"";"";"";"";"";"Spotify AB";"DE02120300000000202051";"HELADEF1HAN";"-10,99";"EUR";"Umsatz gebucht"
"DE02120300000000202051";"09.08.25";"09.08.25";"FOLGELASTSCHRIFT";"KARTENZAHLUNG DANKE REF00194";"";"";"";"";"";"";"LIDL Dienstleistung";"DE02120300000000202051";"HELADEF1HAN";"-23,54";"EUR";"Umsatz gebucht"
"DE02120300000000202051";"09.08.25";"09.08.25";"FOLGELASTSCHRIFT";"KARTENZAHLUNG DANKE REF00199";"";"";"";"";"";"";"ALDI SUED";"DE02120300000000202051";"HELADEF1HAN";"-11,86";"EUR";"Umsatz gebucht"
"DE02120300000000202051";"11.08.25";"11.08.25";"FOLGELASTSCHRIFT";"KARTENZAHLUNG DANKE REF00193";"";"";"";"";"";"";"REWE Markt GmbH";"DE02120300000000202051";"HELADEF1HAN";"-89,71";"EUR";"Umsatz gebucht"
"DE02120300000000202051";"12.08.25";"12.08.25";"FOLGELASTSCHRIFT";"KARTENZAHLUNG DANKE REF00196";"";"";"";"";"";"";"LIDL Dienstleistung";"DE02120300000000202051";"HELADEF1HAN";"-71,38";"EUR";"Umsatz gebucht"
"DE02120300000000202051";"12.08.25";"12.08.25";"FOLGELASTSCHRIFT";"KARTENZAHLUNG DANKE REF00201";"";"";"";"";"";"";"LIDL Dienstleistung";"DE02120300000000202051";"HELADEF1HAN";"-45,52";"EUR";"Umsatz gebucht"
"DE02120300000000202051";"13.08.25";"13.08.25";"FOLGELASTSCHRIFT";"KARTENZAHLUNG DANKE REF00198";"";"";"";"";"";"";"EDEKA Center";"DE02120300000000202051";"HELADEF1HAN";"-86,26";"EUR";"Umsatz gebucht"
"DE02120300000000202051";"14.08.25";"14.08.25";"FOLGELASTSCHRIFT";"KARTENZAHLUNG DANKE REF00197";"";"";"";"";"";"";"REWE Markt GmbH";"DE02120300000000202051";"HELADEF1HAN";"-60,74";"EUR";"Umsatz gebucht"
"DE02120300000000202051";"15.08.25";"15.08.25";"FOLGELASTSCHRIFT";"NETFLIX ABO 08/2025 REF00187";"";"";"";"";"";"";"NETFLIX INTERNATIONAL B.V.";"DE02120300000000202051";"HELADEF1HAN";"-13,99";"EUR";"Umsatz gebucht"
"DE02120300000000202051";"18.08.25";"18.08.25";"FOLGELASTSCHRIFT";"BESTELLUNG DANKE REF00205";"";"";"";"";"";"";"McDonalds Deutschland";"DE02120300000000202051";"HELADEF1HAN";"-15,49";"EUR";"Umsatz gebucht"
"DE02120300000000202051";"18.08.25";"18.08.25";"FOLGELASTSCHRIFT";"BESTELLUNG DANKE REF00208";"";"";"";"";"";"";"Cafe Central";"DE02120300000000202051";"HELADEF1HAN";"-51,52";"EUR";"Umsatz gebucht"
"DE02120300000000202051";"18.08.25";"18.08.25";"FOLGELASTSCHRIFT";"MOBILFUNK RECHNUNG 08/2025 REF00191";"";"";"";"";"";"";"Telekom Deutschland GmbH";"DE02120300000000202051";"HELADEF1HAN";"-19,99";"EUR";"Umsatz gebucht"
"DE02120300000000202051";"20.08.25";"20.08.25";"FOLGELASTSCHRIFT";"BESTELLUNG DANKE REF00207";"";"";"";"";"";"";"McDonalds Deutschland";"DE02120300000000202051";"HELADEF1HAN";"-38,02";"EUR";"Umsatz gebucht"
"DE02120300000000202051";"20.08.25";"20.08.25";"FOLGELASTSCHRIFT";"KARTENZAHLUNG DANKE REF00202";"";"";"";"";"";"";"REWE Markt GmbH";"DE02120300000000202051";"HELADEF1HAN";"-35,31";"EUR";"Umsatz gebucht"
"DE02120300000000202051";"20.08.25";"20.08.25";"FOLGELASTSCHRIFT";"MITGLIEDSBEITRAG FITNESS 08/2025 REF00189";"";"";"";"";"";"";"FitX Deutschland GmbH";"DE02120300000000202051";"HELADEF1HAN";"-29,90";"EUR";"Umsatz gebucht"
"DE02120300000000202051";"20.08.25";"20.08.25";"FOLGELASTSCHRIFT";"ONLINE EINKAUF REF00210";"";"";"";"";"";"";"Zalando SE";"DE02120300000000202051";"HELADEF1HAN";"-95,11";"EUR";"Umsatz gebucht"
"DE02120300000000202051";"22.08.25";"22.08.25";"FOLGELASTSCHRIFT";"BARGELDAUSZAHLUNG REF00211";"";"";"";"";"";"";"Geldautomat Sparkasse";"DE02120300000000202051";"HELADEF1HAN";"-50,00";"EUR";"Umsatz gebucht"
"DE02120300000000202051";"22.08.25";"22.08.25";"FOLGELASTSCHRIFT";"BESTELLUNG DANKE REF00206";"";"";"";"";"";"";"Pizzeria Bella Italia";"DE02120300000000202051";"HELADEF1HAN";"-56,96";"EUR";"Umsatz gebucht"
"DE02120300000000202051";"22.08.25";"22.08.25";"FOLGELASTSCHRIFT";"KARTENZAHLUNG DANKE REF00204";"";"";"";"";"";"";"ALDI SUED";"DE02120300000000202051";"HELADEF1HAN";"-43,53";"EUR";"Umsatz gebucht"
"DE02120300000000202051";"24.08.25";"24.08.25";"FOLGELASTSCHRIFT";"KARTENZAHLUNG DANKE REF00203";"";"";"";"";"";"";"LIDL Dienstleistung";"DE02120300000000202051";"HELADEF1HAN";"-86,30";"EUR";"Umsatz gebucht"
"DE02120300000000202051";"25.08.25";"25.08.25";"FOLGELASTSCHRIFT";"SPARPLAN ETF MSCI WORLD 08/2025 REF00190";"";"";"";"";"";"";"Trade Republic Bank GmbH";"DE02120300000000202051";"HELADEF1HAN";"-200,00";"EUR";"Umsatz gebucht"
"DE02120300000000202051";"27.08.25";"27.08.25";"FOLGELASTSCHRIFT";"ENTGELT KONTOFUEHRUNG 08/2025 REF00192";"";"";"";"";"";"";"Sparkasse Hanau";"DE02120300000000202051";"HELADEF1HAN";"-4,90";"EUR";"Umsatz gebucht"
"DE02120300000000202051";"28.08.25";"28.08.25";"GUTSCHR. UEBERWEISUNG";"GEHALT 08/2025 REF00184";"";"";"";"";"";"";"Acme Software GmbH";"DE02120300000000202051";"HELADEF1HAN";"2850,00";"EUR";"Umsatz gebucht"
"DE02120300000000202051";"01.09.25";"01.09.25";"FOLGELASTSCHRIFT";"MIETE BERGSTRASSE 3 09/2025 REF00213";"";"";"";"";"";"";"Wohnbau Hanau GmbH";"DE02120300000000202051";"HELADEF1HAN";"-980,00";"EUR";"Umsatz gebucht"
"DE02120300000000202051";"02.09.25";"02.09.25";"FOLGELASTSCHRIFT";"BESTELLUNG DANKE REF00231";"";"";"";"";"";"";"Lieferando.de";"DE02120300000000202051";"HELADEF1HAN";"-37,43";"EUR";"Umsatz gebucht"
"DE02120300000000202051";"03.09.25";"03.09.25";"FOLGELASTSCHRIFT";"ABSCHLAG STROM GAS 09/2025 REF00214";"";"";"";"";"";"";"Stadtwerke Hanau";"DE02120300000000202051";"HELADEF1HAN";"-128,00";"EUR";"Umsatz gebucht"
"DE02120300000000202051";"03.09.25";"03.09.25";"FOLGELASTSCHRIFT";"KARTENZAHLUNG DANKE REF00222";"";"";"";"";"";"";"EDEKA Center";"DE02120300000000202051";"HELADEF1HAN";"-79,20";"EUR";"Umsatz gebucht"
"DE02120300000000202051";"05.09.25";"05.09.25";"FOLGELASTSCHRIFT";"KARTENZAHLUNG DANKE REF00224";"";"";"";"";"";"";"EDEKA Center";"DE02120300000000202051";"HELADEF1HAN";"-10,13";"EUR";"Umsatz gebucht"
"DE02120300000000202051";"06.09.25";"06.09.25";"FOLGELASTSCHRIFT";"ONLINE EINKAUF REF00235";"";"";"";"";"";"";"Zalando SE";"DE02120300000000202051";"HELADEF1HAN";"-106,68";"EUR";"Umsatz gebucht"
"DE02120300000000202051";"07.09.25";"07.09.25";"FOLGELASTSCHRIFT";"SPOTIFY PREMIUM 09/2025 REF00216";"";"";"";"";"";"";"Spotify AB";"DE02120300000000202051";"HELADEF1HAN";"-10,99";"EUR";"Umsatz gebucht"
"DE02120300000000202051";"08.09.25";"08.09.25";"FOLGELASTSCHRIFT";"BARGELDAUSZAHLUNG REF00238";"";"";"";"";"";"";"Geldautomat Sparkasse";"DE02120300000000202051";"HELADEF1HAN";"-100,00";"EUR";"Umsatz gebucht"
"DE02120300000000202051";"08.09.25";"08.09.25";"FOLGELASTSCHRIFT";"BESTELLUNG DANKE REF00230";"";"";"";"";"";"";"McDonalds Deutschland";"DE02120300000000202051";"HELADEF1HAN";"-17,97";"EUR";"Umsatz gebucht"
"DE02120300000000202051";"11.09.25";"11.09.25";"FOLGELASTSCHRIFT";"EINKAUF DROGERIE REF00240";"";"";"";"";"";"";"dm-drogerie markt";"DE02120300000000202051";"HELADEF1HAN";"-40,72";"EUR";"Umsatz gebucht"
"DE02120300000000202051";"13.09.25";"13.09.25";"FOLGELASTSCHRIFT";"KARTENZAHLUNG DANKE REF00228";"";"";"";"";"";"";"REWE Markt GmbH";"DE02120300000000202051";"HELADEF1HAN";"-29,23";"EUR";"Umsatz gebucht"
"DE02120300000000202051";"15.09.25";"15.09.25";"FOLGELASTSCHRIFT";"BESTELLUNG DANKE REF00232";"";"";"";"";"";"";"McDonalds Deutschland";"DE02120300000000202051";"HELADEF1HAN";"-15,80";"EUR";"Umsatz gebucht"
"DE02120300000000202051";"15.09.25";"15.09.25";"FOLGELASTSCHRIFT";"KARTENZAHLUNG DANKE REF00226";"";"";"";"";"";"";"EDEKA Center";"DE02120300000000202051";"HELADEF1HAN";"-44,06";"EUR";"Umsatz gebucht"
"DE02120300000000202051";"15.09.25";"15.09.25";"FOLGELASTSCHRIFT";"NETFLIX ABO 09/2025 REF00215";"";"";"";"";"";"";"NETFLIX INTERNATIONAL B.V.";"DE02120300000000202051";"HELADEF1HAN";"-13,99";"EUR";"Umsatz gebucht"
"DE02120300000000202051";"15.09.25";"15.09.25";"FOLGELASTSCHRIFT";"ONLINE EINKAUF REF00236";"";"";"";"";"";"";"AMAZON EU S.A R.L.";"DE02120300000000202051";"HELADEF1HAN";"-43,69";"EUR";"Umsatz gebucht"
"DE02120300000000202051";"16.09.25";"16.09.25";"FOLGELASTSCHRIFT";"KARTENZAHLUNG DANKE REF00225";"";"";"";"";"";"";"REWE Markt GmbH";"DE02120300000000202051";"HELADEF1HAN";"-61,18";"EUR";"Umsatz gebucht"
"DE02120300000000202051";"18.09.25";"18.09.25";"FOLGELASTSCHRIFT";"MOBILFUNK RECHNUNG 09/2025 REF00219";"";"";"";"";"";"";"Telekom Deutschland GmbH";"DE02120300000000202051";"HELADEF1HAN";"-19,99";"EUR";"Umsatz gebucht"
"DE02120300000000202051";"20.09.25";"20.09.25";"FOLGELASTSCHRIFT";"MITGLIEDSBEITRAG FITNESS 09/2025 REF00217";"";"";"";"";"";"";"FitX Deutschland GmbH";"DE02120300000000202051";"HELADEF1HAN";"-29,90";"EUR";"Umsatz gebucht"
"DE02120300000000202051";"22.09.25";"22.09.25";"FOLGELASTSCHRIFT";"BESTELLUNG DANKE REF00233";"";"";"";"";"";"";"Cafe Central";"DE02120300000000202051";"HELADEF1HAN";"-36,09";"EUR";"Umsatz gebucht"
"DE02120300000000202051";"22.09.25";"22.09.25";"FOLGELASTSCHRIFT";"KARTENZAHLUNG DANKE REF00221";"";"";"";"";"";"";"LIDL Dienstleistung";"DE02120300000000202051";"HELADEF1HAN";"-15,38";"EUR";"Umsatz gebucht"
"DE02120300000000202051";"22.09.25";"22.09.25";"FOLGELASTSCHRIFT";"KARTENZAHLUNG DANKE REF00223";"";"";"";"";"";"";"EDEKA Center";"DE02120300000000202051";"HELADEF1HAN";"-35,01";"EUR";"Umsatz gebucht"
"DE02120300000000202051";"23.09.25";"23.09.25";"FOLGELASTSCHRIFT";"FAHRKARTE DEUTSCHE BAHN REF00239";"";"";"";"";"";"";"DB Vertrieb GmbH";"DE02120300000000202051";"HELADEF1HAN";"-33,57";"EUR";"Umsatz gebucht"
"DE02120300000000202051";"23.09.25";"23.09.25";"FOLGELASTSCHRIFT";"KARTENZAHLUNG DANKE REF00227";"";"";"";"";"";"";"ALDI SUED";"DE02120300000000202051";"HELADEF1HAN";"-68,58";"EUR";"Umsatz gebucht"
"DE02120300000000202051";"25.09.25";"25.09.25";"FOLGELASTSCHRIFT";"BESTELLUNG DANKE REF00234";"";"";"";"";"";"";"McDonalds Deutschland";"DE02120300000000202051";"HELADEF1HAN";"-54,46";"EUR";"Umsatz gebucht"
"DE02120300000000202051";"25.09.25";"25.09.25";"FOLGELASTSCHRIFT";"KARTENZAHLUNG DANKE REF00229";"";"";"";"";"";"";"REWE Markt GmbH";"DE02120300000000202051";"HELADEF1HAN";"-82,86";"EUR";"Umsatz gebucht"
"DE02120300000000202051";"25.09.25";"25.09.25";"FOLGELASTSCHRIFT";"SPARPLAN ETF MSCI WORLD 09/2025 REF00218";"";"";"";"";"";"";"Trade Republic Bank GmbH";"DE02120300000000202051";"HELADEF1HAN";"-200,00";"EUR";"Umsatz gebucht"
"DE02120300000000202051";"27.09.25";"27.09.25";"FOLGELASTSCHRIFT";"ENTGELT KONTOFUEHRUNG 09/2025 REF00220";"";"";"";"";"";"";"Sparkasse Hanau";"DE02120300000000202051";"HELADEF1HAN";"-4,90";"EUR";"Umsatz gebucht"
"DE02120300000000202051";"27.09.25";"27.09.25";"FOLGELASTSCHRIFT";"ONLINE EINKAUF REF00237";"";"";"";"";"";"";"MediaMarkt";"DE02120300000000202051";"HELADEF1HAN";"-92,90";"EUR";"Umsatz gebucht"
"DE02120300000000202051";"28.09.25";"28.09.25";"GUTSCHR. UEBERWEISUNG";"GEHALT 09/2025 REF00212";"";"";"";"";"";"";"Acme Software GmbH";"DE02120300000000202051";"HELADEF1HAN";"2850,00";"EUR";"Umsatz gebucht"
"DE02120300000000202051";"01.10.25";"01.10.25";"FOLGELASTSCHRIFT";"BARGELDAUSZAHLUNG REF00265";"";"";"";"";"";"";"Geldautomat Sparkasse";"DE02120300000000202051";"HELADEF1HAN";"-50,00";"EUR";"Umsatz gebucht"
"DE02120300000000202051";"01.10.25";"01.10.25";"FOLGELASTSCHRIFT";"MIETE BERGSTRASSE 3 10/2025 REF00242";"";"";"";"";"";"";"Wohnbau Hanau GmbH";"DE02120300000000202051";"HELADEF1HAN";"-980,00";"EUR";"Umsatz gebucht"
"DE02120300000000202051";"01.10.25";"01.10.25";"FOLGELASTSCHRIFT";"ONLINE EINKAUF REF00264";"";"";"";"";"";"";"MediaMarkt";"DE02120300000000202051";"HELADEF1HAN";"-127,90";"EUR";"Umsatz gebucht"
"DE02120300000000202051";"03.10.25";"03.10.25";"FOLGELASTSCHRIFT";"ABSCHLAG STROM GAS 10/2025 REF00243";"";"";"";"";"";"";"Stadtwerke Hanau";"DE02120300000000202051";"HELADEF1HAN";"-128,00";"EUR";"Umsatz gebucht"
"DE02120300000000202051";"03.10.25";"03.10.25";"FOLGELASTSCHRIFT";"KARTENZAHLUNG DANKE REF00252";"";"";"";"";"";"";"LIDL Dienstleistung";"DE02120300000000202051";"HELADEF1HAN";"-44,09";"EUR";"Umsatz gebucht"
"DE02120300000000202051";"05.10.25";"05.10.25";"FOLGELASTSCHRIFT";"KARTENZAHLUNG DANKE REF00250";"";"";"";"";"";"";"ALDI SUED";"DE02120300000000202051";"HELADEF1HAN";"-21,12";"EUR";"Umsatz gebucht"
"DE02120300000000202051";"05.10.25";"05.10.25";"FOLGELASTSCHRIFT";"ONLINE EINKAUF REF00263";"";"";"";"";"";"";"MediaMarkt";"DE02120300000000202051";"HELADEF1HAN";"-137,49";"EUR";"Umsatz gebucht"
"DE02120300000000202051";"07.10.25";"07.10.25";"FOLGELASTSCHRIFT";"KARTENZAHLUNG DANKE REF00254";"";"";"";"";"";"";"ALDI SUED";"DE02120300000000202051";"HELADEF1HAN";"-80,46";"EUR";"Umsatz gebucht"
"DE02120300000000202051";"07.10.25";"07.10.25";"FOLGELASTSCHRIFT";"SPOTIFY PREMIUM 10/2025 REF00245";"";"";"";"";"";"";"Spotify AB";"DE02120300000000202051";"HELADEF1HAN";"-10,99";"EUR";"Umsatz gebucht"
"DE02120300000000202051";"15.10.25";"15.10.25";"FOLGELASTSCHRIFT";"EINKAUF DROGERIE REF00266";"";"";"";"";"";"";"dm-drogerie markt";"DE02120300000000202051";"HELADEF1HAN";"-12,27";"EUR";"Umsatz gebucht"
"DE02120300000000202051";"15.10.25";"15.10.25";"FOLGELASTSCHRIFT";"NETFLIX ABO 10/2025 REF00244";"";"";"";"";"";"";"NETFLIX INTERNATIONAL B.V.";"DE02120300000000202051";"HELADEF1HAN";"-13,99";"EUR";"Umsatz gebucht"
"DE02120300000000202051";"16.10.25";"16.10.25";"FOLGELASTSCHRIFT";"BESTELLUNG DANKE REF00260";"";"";"";"";"";"";"McDonalds Deutschland";"DE02120300000000202051";"HELADEF1HAN";"-20,19";"EUR";"Umsatz gebucht"
"DE02120300000000202051";"16.10.25";"16.10.25";"FOLGELASTSCHRIFT";"BESTELLUNG DANKE REF00261";"";"";"";"";"";"";"Cafe Central";"DE02120300000000202051";"HELADEF1HAN";"-10,48";"EUR";"Umsatz gebucht"
"DE02120300000000202051";"16.10.25";"16.10.25";"FOLGELASTSCHRIFT";"KARTENZAHLUNG DANKE REF00257";"";"";"";"";"";"";"LIDL Dienstleistung";"DE02120300000000202051";"HELADEF1HAN";"-8,51";"EUR";"Umsatz gebucht"
"DE02120300000000202051";"18.10.25";"18.10.25";"FOLGELASTSCHRIFT";"BESTELLUNG DANKE REF00259";"";"";"";"";"";"";"Pizzeria Bella Italia";"DE02120300000000202051";"HELADEF1HAN";"-47,12";"EUR";"Umsatz gebucht"
"DE02120300000000202051";"18.10.25";"18.10.25";"FOLGELASTSCHRIFT";"KARTENZAHLUNG DANKE REF00253";"";"";"";"";"";"";"REWE Markt GmbH";"DE02120300000000202051";"HELADEF1HAN";"-48,54";"EUR";"Umsatz gebucht"
"DE02120300000000202051";"18.10.25";"18.10.25";"FOLGELASTSCHRIFT";"MOBILFUNK RECHNUNG 10/2025 REF00248";"";"";"";"";"";"";"Telekom Deutschland GmbH";"DE02120300000000202051";"HELADEF1HAN";"-19,99";"EUR";"Umsatz gebucht"
"DE02120300000000202051";"20.10.25";"20.10.25";"FOLGELASTSCHRIFT";"MITGLIEDSBEITRAG FITNESS 10/2025 REF00246";"";"";"";"";"";"";"FitX Deutschland GmbH";"DE02120300000000202051";"HELADEF1HAN";"-29,90";"EUR";"Umsatz gebucht"
"DE02120300000000202051";"23.10.25";"23.10.25";"FOLGELASTSCHRIFT";"KARTENZAHLUNG DANKE REF00251";"";"";"";"";"";"";"EDEKA Center";"DE02120300000000202051";"HELADEF1HAN";"-21,29";"EUR";"Umsatz gebucht"
"DE02120300000000202051";"24.10.25";"24.10.25";"FOLGELASTSCHRIFT";"ONLINE EINKAUF REF00262";"";"";"";"";"";"";"Zalando SE";"DE02120300000000202051";"HELADEF1HAN";"-31,46";"EUR";"Umsatz gebucht"
"DE02120300000000202051";"25.10.25";"25.10.25";"FOLGELASTSCHRIFT";"BESTELLUNG DANKE REF00258";"";"";"";"";"";"";"McDonalds Deutschland";"DE02120300000000202051";"HELADEF1HAN";"-28,89";"EUR";"Umsatz gebucht"
"DE02120300000000202051";"25.10.25";"25.10.25";"FOLGELASTSCHRIFT";"KARTENZAHLUNG DANKE REF00255";"";"";"";"";"";"";"REWE Markt GmbH";"DE02120300000000202051";"HELADEF1HAN";"-58,81";"EUR";"Umsatz gebucht"
"DE02120300000000202051";"25.10.25";"25.10.25";"FOLGELASTSCHRIFT";"SPARPLAN ETF MSCI WORLD 10/2025 REF00247";"";"";"";"";"";"";"Trade Republic Bank GmbH";"DE02120300000000202051";"HELADEF1HAN";"-200,00";"EUR";"Umsatz gebucht"
"DE02120300000000202051";"27.10.25";"27.10.25";"FOLGELASTSCHRIFT";"ENTGELT KONTOFUEHRUNG 10/2025 REF00249";"";"";"";"";"";"";"Sparkasse Hanau";"DE02120300000000202051";"HELADEF1HAN";"-4,90";"EUR";"Umsatz gebucht"
"DE02120300000000202051";"28.10.25";"28.10.25";"GUTSCHR. UEBERWEISUNG";"GEHALT 10/2025 REF00241";"";"";"";"";"";"";"Acme Software GmbH";"DE02120300000000202051";"HELADEF1HAN";"2850,00";"EUR";"Umsatz gebucht"
"DE02120300000000202051";"28.10.25";"28.10.25";"FOLGELASTSCHRIFT";"KARTENZAHLUNG DANKE REF00256";"";"";"";"";"";"";"ALDI SUED";"DE02120300000000202051";"HELADEF1HAN";"-84,62";"EUR";"Umsatz gebucht"
"DE02120300000000202051";"01.11.25";"01.11.25";"FOLGELASTSCHRIFT";"KARTENZAHLUNG DANKE REF00280";"";"";"";"";"";"";"REWE Markt GmbH";"DE02120300000000202051";"HELADEF1HAN";"-73,17";"EUR";"Umsatz gebucht"
"DE02120300000000202051";"01.11.25";"01.11.25";"FOLGELASTSCHRIFT";"MIETE BERGSTRASSE 3 11/2025 REF00268";"";"";"";"";"";"";"Wohnbau Hanau GmbH";"DE02120300000000202051";"HELADEF1HAN";"-980,00";"EUR";"Umsatz gebucht"
"DE02120300000000202051";"03.11.25";"03.11.25";"FOLGELASTSCHRIFT";"ABSCHLAG STROM GAS 11/2025 REF00269";"";"";"";"";"";"";"Stadtwerke Hanau";"DE02120300000000202051";"HELADEF1HAN";"-128,00";"EUR";"Umsatz gebucht"
"DE02120300000000202051";"06.11.25";"06.11.25";"FOLGELASTSCHRIFT";"BESTELLUNG DANKE REF00287";"";"";"";"";"";"";"Lieferando.de";"DE02120300000000202051";"HELADEF1HAN";"-39,90";"EUR";"Umsatz gebucht"
"DE02120300000000202051";"07.11.25";"07.11.25";"FOLGELASTSCHRIFT";"KARTENZAHLUNG DANKE REF00284";"";"";"";"";"";"";"EDEKA Center";"DE02120300000000202051";"HELADEF1HAN";"-81,01";"EUR";"Umsatz gebucht"
"DE02120300000000202051";"07.11.25";"07.11.25";"FOLGELASTSCHRIFT";"SPOTIFY PREMIUM 11/2025 REF00271";"";"";"";"";"";"";"Spotify AB";"DE02120300000000202051";"HELADEF1HAN";"-10,99";"EUR";"Umsatz gebucht"
"DE02120300000000202051";"08.11.25";"08.11.25";"FOLGELASTSCHRIFT";"KARTENZAHLUNG DANKE REF00285";"";"";"";"";"";"";"REWE Markt GmbH";"DE02120300000000202051";"HELADEF1HAN";"-18,98";"EUR";"Umsatz gebucht"
"DE02120300000000202051";"09.11.25";"09.11.25";"FOLGELASTSCHRIFT";"KARTENZAHLUNG DANKE REF00278";"";"";"";"";"";"";"ALDI SUED";"DE02120300000000202051";"HELADEF1HAN";"-73,42";"EUR";"Umsatz gebucht"
"DE02120300000000202051";"09.11.25";"09.11.25";"FOLGELASTSCHRIFT";"KARTENZAHLUNG DANKE REF00279";"";"";"";"";"";"";"ALDI SUED";"DE02120300000000202051";"HELADEF1HAN";"-80,64";"EUR";"Umsatz gebucht"
"DE02120300000000202051";"10.11.25";"10.11.25";"FOLGELASTSCHRIFT";"BARGELDAUSZAHLUNG REF00289";"";"";"";"";"";"";"Geldautomat Sparkasse";"DE02120300000000202051";"HELADEF1HAN";"-150,00";"EUR";"Umsatz gebucht"
"DE02120300000000202051";"11.11.25";"11.11.25";"FOLGELASTSCHRIFT";"KARTENZAHLUNG DANKE REF00277";"";"";"";"";"";"";"ALDI SUED";"DE02120300000000202051";"HELADEF1HAN";"-37,36";"EUR";"Umsatz gebucht"
"DE02120300000000202051";"12.11.25";"12.11.25";"FOLGELASTSCHRIFT";"KARTENZAHLUNG DANKE REF00281";"";"";"";"";"";"";"REWE Markt GmbH";"DE02120300000000202051";"HELADEF1HAN";"-27,51";"EUR";"Umsatz gebucht"
"DE02120300000000202051";"13.11.25";"13.11.25";"FOLGELASTSCHRIFT";"KARTENZAHLUNG DANKE REF00276";"";"";"";"";"";"";"ALDI SUED";"DE02120300000000202051";"HELADEF1HAN";"-36,48";"EUR";"Umsatz gebucht"
"DE02120300000000202051";"15.11.25";"15.11.25";"FOLGELASTSCHRIFT";"BESTELLUNG DANKE REF00286";"";"";"";"";"";"";"Cafe Central";"DE02120300000000202051";"HELADEF1HAN";"-44,67";"EUR";"Umsatz gebucht"
"DE02120300000000202051";"15.11.25";"15.11.25";"FOLGELASTSCHRIFT";"NETFLIX ABO 11/2025 REF00270";"";"";"";"";"";"";"NETFLIX INTERNATIONAL B.V.";"DE02120300000000202051";"HELADEF1HAN";"-13,99";"EUR";"Umsatz gebucht"
"DE02120300000000202051";"18.11.25";"18.11.25";"FOLGELASTSCHRIFT";"MOBILFUNK RECHNUNG 11/2025 REF00274";"";"";"";"";"";"";"Telekom Deutschland GmbH";"DE02120300000000202051";"HELADEF1HAN";"-19,99";"EUR";"Umsatz gebucht"
"DE02120300000000202051";"20.11.25";"20.11.25";"FOLGELASTSCHRIFT";"MITGLIEDSBEITRAG FITNESS 11/2025 REF00272";"";"";"";"";"";"";"FitX Deutschland GmbH";"DE02120300000000202051";"HELADEF1HAN";"-29,90";"EUR";"Umsatz gebucht"
"DE02120300000000202051";"25.11.25";"25.11.25";"FOLGELASTSCHRIFT";"BESTELLUNG DANKE REF00288";"";"";"";"";"";"";"Cafe Central";"DE02120300000000202051";"HELADEF1HAN";"-50,78";"EUR";"Umsatz gebucht"
"DE02120300000000202051";"25.11.25";"25.11.25";"FOLGELASTSCHRIFT";"KARTENZAHLUNG DANKE REF00282";"";"";"";"";"";"";"REWE Markt GmbH";"DE02120300000000202051";"HELADEF1HAN";"-91,28";"EUR";"Umsatz gebucht"
"DE02120300000000202051";"25.11.25";"25.11.25";"FOLGELASTSCHRIFT";"KARTENZAHLUNG DANKE REF00283";"";"";"";"";"";"";"EDEKA Center";"DE02120300000000202051";"HELADEF1HAN";"-10,70";"EUR";"Umsatz gebucht"
"DE02120300000000202051";"25.11.25";"25.11.25";"FOLGELASTSCHRIFT";"SPARPLAN ETF MSCI WORLD 11/2025 REF00273";"";"";"";"";"";"";"Trade Republic Bank GmbH";"DE02120300000000202051";"HELADEF1HAN";"-200,00";"EUR";"Umsatz gebucht"
"DE02120300000000202051";"27.11.25";"27.11.25";"FOLGELASTSCHRIFT";"ENTGELT KONTOFUEHRUNG 11/2025 REF00275";"";"";"";"";"";"";"Sparkasse Hanau";"DE02120300000000202051";"HELADEF1HAN";"-4,90";"EUR";"Umsatz gebucht"
"DE02120300000000202051";"28.11.25";"28.11.25";"GUTSCHR. UEBERWEISUNG";"GEHALT 11/2025 REF00267";"";"";"";"";"";"";"Acme Software GmbH";"DE02120300000000202051";"HELADEF1HAN";"2850,00";"EUR";"Umsatz gebucht"
"DE02120300000000202051";"01.12.25";"01.12.25";"FOLGELASTSCHRIFT";"KARTENZAHLUNG DANKE REF00305";"";"";"";"";"";"";"ALDI SUED";"DE02120300000000202051";"HELADEF1HAN";"-81,91";"EUR";"Umsatz gebucht"
"DE02120300000000202051";"01.12.25";"01.12.25";"FOLGELASTSCHRIFT";"MIETE BERGSTRASSE 3 12/2025 REF00291";"";"";"";"";"";"";"Wohnbau Hanau GmbH";"DE02120300000000202051";"HELADEF1HAN";"-980,00";"EUR";"Umsatz gebucht"
"DE02120300000000202051";"03.12.25";"03.12.25";"FOLGELASTSCHRIFT";"ABSCHLAG STROM GAS 12/2025 REF00292";"";"";"";"";"";"";"Stadtwerke Hanau";"DE02120300000000202051";"HELADEF1HAN";"-128,00";"EUR";"Umsatz gebucht"
"DE02120300000000202051";"03.12.25";"03.12.25";"FOLGELASTSCHRIFT";"KARTENZAHLUNG DANKE REF00304";"";"";"";"";"";"";"LIDL Dienstleistung";"DE02120300000000202051";"HELADEF1HAN";"-52,02";"EUR";"Umsatz gebucht"
"DE02120300000000202051";"04.12.25";"04.12.25";"FOLGELASTSCHRIFT";"KARTENZAHLUNG DANKE REF00300";"";"";"";"";"";"";"LIDL Dienstleistung";"DE02120300000000202051";"HELADEF1HAN";"-68,66";"EUR";"Umsatz gebucht"
"DE02120300000000202051";"04.12.25";"04.12.25";"FOLGELASTSCHRIFT";"KARTENZAHLUNG DANKE REF00306";"";"";"";"";"";"";"LIDL Dienstleistung";"DE02120300000000202051";"HELADEF1HAN";"-45,72";"EUR";"Umsatz gebucht"
"DE02120300000000202051";"07.12.25";"07.12.25";"FOLGELASTSCHRIFT";"SPOTIFY PREMIUM 12/2025 REF00294";"";"";"";"";"";"";"Spotify AB";"DE02120300000000202051";"HELADEF1HAN";"-10,99";"EUR";"Umsatz gebucht"
"DE02120300000000202051";"09.12.25";"09.12.25";"FOLGELASTSCHRIFT";"BESTELLUNG DANKE REF00312";"";"";"";"";"";"";"Pizzeria Bella Italia";"DE02120300000000202051";"HELADEF1HAN";"-53,96";"EUR";"Umsatz gebucht"
"DE02120300000000202051";"11.12.25";"11.12.25";"FOLGELASTSCHRIFT";"BESTELLUNG DANKE REF00311";"";"";"";"";"";"";"Lieferando.de";"DE02120300000000202051";"HELADEF1HAN";"-52,44";"EUR";"Umsatz gebucht"
"DE02120300000000202051";"11.12.25";"11.12.25";"FOLGELASTSCHRIFT";"BESTELLUNG DANKE REF00314";"";"";"";"";"";"";"Cafe Central";"DE02120300000000202051";"HELADEF1HAN";"-10,46";"EUR";"Umsatz gebucht"
"DE02120300000000202051";"12.12.25";"12.12.25";"FOLGELASTSCHRIFT";"KARTENZAHLUNG DANKE REF00303";"";"";"";"";"";"";"LIDL Dienstleistung";"DE02120300000000202051";"HELADEF1HAN";"-54,35";"EUR";"Umsatz gebucht"
"DE02120300000000202051";"15.12.25";"15.12.25";"FOLGELASTSCHRIFT";"BESTELLUNG DANKE REF00310";"";"";"";"";"";"";"Cafe Central";"DE02120300000000202051";"HELADEF1HAN";"-31,21";"EUR";"Umsatz gebucht"
"DE02120300000000202051";"15.12.25";"15.12.25";"FOLGELASTSCHRIFT";"NETFLIX ABO 12/2025 REF00293";"";"";"";"";"";"";"NETFLIX INTERNATIONAL B.V.";"DE02120300000000202051";"HELADEF1HAN";"-13,99";"EUR";"Umsatz gebucht"
"DE02120300000000202051";"16.12.25";"16.12.25";"FOLGELASTSCHRIFT";"ONLINE EINKAUF REF00315";"";"";"";"";"";"";"Zalando SE";"DE02120300000000202051";"HELADEF1HAN";"-37,58";"EUR";"Umsatz gebucht"
"DE02120300000000202051";"18.12.25";"18.12.25";"FOLGELASTSCHRIFT";"MOBILFUNK RECHNUNG 12/2025 REF00297";"";"";"";"";"";"";"Telekom Deutschland GmbH";"DE02120300000000202051";"HELADEF1HAN";"-19,99";"EUR";"Umsatz gebucht"
"DE02120300000000202051";"20.12.25";"20.12.25";"FOLGELASTSCHRIFT";"BARGELDAUSZAHLUNG REF00316";"";"";"";"";"";"";"Geldautomat Sparkasse";"DE02120300000000202051";"HELADEF1HAN";"-150,00";"EUR";"Umsatz gebucht"
"DE02120300000000202051";"20.12.25";"20.12.25";"FOLGELASTSCHRIFT";"MITGLIEDSBEITRAG FITNESS 12/2025 REF00295";"";"";"";"";"";"";"FitX Deutschland GmbH";"DE02120300000000202051";"HELADEF1HAN";"-29,90";"EUR";"Umsatz gebucht"
"DE02120300000000202051";"21.12.25";"21.12.25";"FOLGELASTSCHRIFT";"KARTENZAHLUNG DANKE REF00307";"";"";"";"";"";"";"ALDI SUED";"DE02120300000000202051";"HELADEF1HAN";"-85,57";"EUR";"Umsatz gebucht"
"DE02120300000000202051";"23.12.25";"23.12.25";"FOLGELASTSCHRIFT";"KARTENZAHLUNG DANKE REF00299";"";"";"";"";"";"";"EDEKA Center";"DE02120300000000202051";"HELADEF1HAN";"-25,25";"EUR";"Umsatz gebucht"
"DE02120300000000202051";"23.12.25";"23.12.25";"FOLGELASTSCHRIFT";"KARTENZAHLUNG DANKE REF00308";"";"";"";"";"";"";"EDEKA Center";"DE02120300000000202051";"HELADEF1HAN";"-21,31";"EUR";"Umsatz gebucht"
"DE02120300000000202051";"24.12.25";"24.12.25";"FOLGELASTSCHRIFT";"KARTENZAHLUNG DANKE REF00309";"";"";"";"";"";"";"LIDL Dienstleistung";"DE02120300000000202051";"HELADEF1HAN";"-53,39";"EUR";"Umsatz gebucht"
"DE02120300000000202051";"25.12.25";"25.12.25";"FOLGELASTSCHRIFT";"BESTELLUNG DANKE REF00313";"";"";"";"";"";"";"McDonalds Deutschland";"DE02120300000000202051";"HELADEF1HAN";"-32,70";"EUR";"Umsatz gebucht"
"DE02120300000000202051";"25.12.25";"25.12.25";"FOLGELASTSCHRIFT";"SPARPLAN ETF MSCI WORLD 12/2025 REF00296";"";"";"";"";"";"";"Trade Republic Bank GmbH";"DE02120300000000202051";"HELADEF1HAN";"-200,00";"EUR";"Umsatz gebucht"
"DE02120300000000202051";"26.12.25";"26.12.25";"FOLGELASTSCHRIFT";"KARTENZAHLUNG DANKE REF00302";"";"";"";"";"";"";"REWE Markt GmbH";"DE02120300000000202051";"HELADEF1HAN";"-93,59";"EUR";"Umsatz gebucht"
"DE02120300000000202051";"27.12.25";"27.12.25";"FOLGELASTSCHRIFT";"ENTGELT KONTOFUEHRUNG 12/2025 REF00298";"";"";"";"";"";"";"Sparkasse Hanau";"DE02120300000000202051";"HELADEF1HAN";"-4,90";"EUR";"Umsatz gebucht"
"DE02120300000000202051";"28.12.25";"28.12.25";"GUTSCHR. UEBERWEISUNG";"GEHALT 12/2025 REF00290";"";"";"";"";"";"";"Acme Software GmbH";"DE02120300000000202051";"HELADEF1HAN";"2850,00";"EUR";"Umsatz gebucht"
"DE02120300000000202051";"28.12.25";"28.12.25";"FOLGELASTSCHRIFT";"KARTENZAHLUNG DANKE REF00301";"";"";"";"";"";"";"REWE Markt GmbH";"DE02120300000000202051";"HELADEF1HAN";"-67,53";"EUR";"Umsatz gebucht"
"DE02120300000000202051";"01.01.26";"01.01.26";"FOLGELASTSCHRIFT";"MIETE BERGSTRASSE 3 01/2026 REF00318";"";"";"";"";"";"";"Wohnbau Hanau GmbH";"DE02120300000000202051";"HELADEF1HAN";"-980,00";"EUR";"Umsatz gebucht"
"DE02120300000000202051";"02.01.26";"02.01.26";"FOLGELASTSCHRIFT";"FAHRKARTE DEUTSCHE BAHN REF00342";"";"";"";"";"";"";"DB Vertrieb GmbH";"DE02120300000000202051";"HELADEF1HAN";"-78,33";"EUR";"Umsatz gebucht"
"DE02120300000000202051";"03.01.26";"03.01.26";"FOLGELASTSCHRIFT";"ABSCHLAG STROM GAS 01/2026 REF00319";"";"";"";"";"";"";"Stadtwerke Hanau";"DE02120300000000202051";"HELADEF1HAN";"-128,00";"EUR";"Umsatz gebucht"
"DE02120300000000202051";"04.01.26";"04.01.26";"FOLGELASTSCHRIFT";"BESTELLUNG DANKE REF00340";"";"";"";"";"";"";"Cafe Central";"DE02120300000000202051";"HELADEF1HAN";"-51,46";"EUR";"Umsatz gebucht"
"DE02120300000000202051";"07.01.26";"07.01.26";"FOLGELASTSCHRIFT";"BESTELLUNG DANKE REF00338";"";"";"";"";"";"";"Cafe Central";"DE02120300000000202051";"HELADEF1HAN";"-46,67";"EUR";"Umsatz gebucht"
"DE02120300000000202051";"07.01.26";"07.01.26";"FOLGELASTSCHRIFT";"KARTENZAHLUNG DANKE REF00326";"";"";"";"";"";"";"ALDI SUED";"DE02120300000000202051";"HELADEF1HAN";"-15,45";"EUR";"Umsatz gebucht"
"DE02120300000000202051";"07.01.26";"07.01.26";"FOLGELASTSCHRIFT";"SPOTIFY PREMIUM 01/2026 REF00321";"";"";"";"";"";"";"Spotify AB";"DE02120300000000202051";"HELADEF1HAN";"-10,99";"EUR";"Umsatz gebucht"
"DE02120300000000202051";"10.01.26";"10.01.26";"FOLGELASTSCHRIFT";"KARTENZAHLUNG DANKE REF00330";"";"";"";"";"";"";"EDEKA Center";"DE02120300000000202051";"HELADEF1HAN";"-27,28";"EUR";"Umsatz gebucht"
"DE02120300000000202051";"10.01.26";"10.01.26";"FOLGELASTSCHRIFT";"KARTENZAHLUNG DANKE REF00331";"";"";"";"";"";"";"LIDL Dienstleistung";"DE02120300000000202051";"HELADEF1HAN";"-65,76";"EUR";"Umsatz gebucht"
"DE02120300000000202051";"10.01.26";"10.01.26";"FOLGELASTSCHRIFT";"KARTENZAHLUNG DANKE REF00335";"";"";"";"";"";"";"REWE Markt GmbH";"DE02120300000000202051";"HELADEF1HAN";"-29,87";"EUR";"Umsatz gebucht"
"DE02120300000000202051";"12.01.26";"12.01.26";"FOLGELASTSCHRIFT";"KARTENZAHLUNG DANKE REF00334";"";"";"";"";"";"";"LIDL Dienstleistung";"DE02120300000000202051";"HELADEF1HAN";"-69,15";"EUR";"Umsatz gebucht"
"DE02120300000000202051";"12.01.26";"12.01.26";"FOLGELASTSCHRIFT";"ONLINE EINKAUF REF00341";"";"";"";"";"";"";"AMAZON EU S.A R.L.";"DE02120300000000202051";"HELADEF1HAN";"-33,33";"EUR";"Umsatz gebucht"
"DE02120300000000202051";"14.01.26";"14.01.26";"FOLGELASTSCHRIFT";"KARTENZAHLUNG DANKE REF00333";"";"";"";"";"";"";"LIDL Dienstleistung";"DE02120300000000202051";"HELADEF1HAN";"-94,71";"EUR";"Umsatz gebucht"
"DE02120300000000202051";"15.01.26";"15.01.26";"FOLGELASTSCHRIFT";"KARTENZAHLUNG DANKE REF00329";"";"";"";"";"";"";"REWE Markt GmbH";"DE02120300000000202051";"HELADEF1HAN";"-76,99";"EUR";"Umsatz gebucht"
"DE02120300000000202051";"15.01.26";"15.01.26";"FOLGELASTSCHRIFT";"NETFLIX ABO 01/2026 REF00320";"";"";"";"";"";"";"NETFLIX INTERNATIONAL B.V.";"DE02120300000000202051";"HELADEF1HAN";"-13,99";"EUR";"Umsatz gebucht"
"DE02120300000000202051";"16.01.26";"16.01.26";"FOLGELASTSCHRIFT";"KARTENZAHLUNG DANKE REF00327";"";"";"";"";"";"";"EDEKA Center";"DE02120300000000202051";"HELADEF1HAN";"-56,30";"EUR";"Umsatz gebucht"
"DE02120300000000202051";"16.01.26";"16.01.26";"FOLGELASTSCHRIFT";"KARTENZAHLUNG DANKE REF00332";"";"";"";"";"";"";"LIDL Dienstleistung";"DE02120300000000202051";"HELADEF1HAN";"-56,15";"EUR";"Umsatz gebucht"
"DE02120300000000202051";"18.01.26";"18.01.26";"FOLGELASTSCHRIFT";"MOBILFUNK RECHNUNG 01/2026 REF00324";"";"";"";"";"";"";"Telekom Deutschland GmbH";"DE02120300000000202051";"HELADEF1HAN";"-19,99";"EUR";"Umsatz gebucht"
"DE02120300000000202051";"20.01.26";"20.01.26";"FOLGELASTSCHRIFT";"MITGLIEDSBEITRAG FITNESS 01/2026 REF00322";"";"";"";"";"";"";"FitX Deutschland GmbH";"DE02120300000000202051";"HELADEF1HAN";"-29,90";"EUR";"Umsatz gebucht"
"DE02120300000000202051";"23.01.26";"23.01.26";"FOLGELASTSCHRIFT";"KARTENZAHLUNG DANKE REF00328";"";"";"";"";"";"";"ALDI SUED";"DE02120300000000202051";"HELADEF1HAN";"-49,42";"EUR";"Umsatz gebucht"
"DE02120300000000202051";"24.01.26";"24.01.26";"FOLGELASTSCHRIFT";"BESTELLUNG DANKE REF00339";"";"";"";"";"";"";"Cafe Central";"DE02120300000000202051";"HELADEF1HAN";"-39,07";"EUR";"Umsatz gebucht"
"DE02120300000000202051";"24.01.26";"24.01.26";"FOLGELASTSCHRIFT";"KARTENZAHLUNG DANKE REF00336";"";"";"";"";"";"";"REWE Markt GmbH";"DE02120300000000202051";"HELADEF1HAN";"-24,75";"EUR";"Umsatz gebucht"
"DE02120300000000202051";"24.01.26";"24.01.26";"FOLGELASTSCHRIFT";"KARTENZAHLUNG DANKE REF00337";"";"";"";"";"";"";"EDEKA Center";"DE02120300000000202051";"HELADEF1HAN";"-54,62";"EUR";"Umsatz gebucht"
"DE02120300000000202051";"25.01.26";"25.01.26";"FOLGELASTSCHRIFT";"SPARPLAN ETF MSCI WORLD 01/2026 REF00323";"";"";"";"";"";"";"Trade Republic Bank GmbH";"DE02120300000000202051";"HELADEF1HAN";"-200,00";"EUR";"Umsatz gebucht"
"DE02120300000000202051";"27.01.26";"27.01.26";"FOLGELASTSCHRIFT";"ENTGELT KONTOFUEHRUNG 01/2026 REF00325";"";"";"";"";"";"";"Sparkasse Hanau";"DE02120300000000202051";"HELADEF1HAN";"-4,90";"EUR";"Umsatz gebucht"
"DE02120300000000202051";"28.01.26";"28.01.26";"GUTSCHR. UEBERWEISUNG";"GEHALT 01/2026 REF00317";"";"";"";"";"";"";"Acme Software GmbH";"DE02120300000000202051";"HELADEF1HAN";"2850,00";"EUR";"Umsatz gebucht"
"DE02120300000000202051";"01.02.26";"01.02.26";"FOLGELASTSCHRIFT";"MIETE BERGSTRASSE 3 02/2026 REF00344";"";"";"";"";"";"";"Wohnbau Hanau GmbH";"DE02120300000000202051";"HELADEF1HAN";"-980,00";"EUR";"Umsatz gebucht"
"DE02120300000000202051";"03.02.26";"03.02.26";"FOLGELASTSCHRIFT";"ABSCHLAG STROM GAS 02/2026 REF00345";"";"";"";"";"";"";"Stadtwerke Hanau";"DE02120300000000202051";"HELADEF1HAN";"-128,00";"EUR";"Umsatz gebucht"
"DE02120300000000202051";"03.02.26";"03.02.26";"FOLGELASTSCHRIFT";"KARTENZAHLUNG DANKE REF00359";"";"";"";"";"";"";"REWE Markt GmbH";"DE02120300000000202051";"HELADEF1HAN";"-94,47";"EUR";"Umsatz gebucht"
"DE02120300000000202051";"04.02.26";"04.02.26";"FOLGELASTSCHRIFT";"KARTENZAHLUNG DANKE REF00353";"";"";"";"";"";"";"LIDL Dienstleistung";"DE02120300000000202051";"HELADEF1HAN";"-83,93";"EUR";"Umsatz gebucht"
"DE02120300000000202051";"05.02.26";"05.02.26";"FOLGELASTSCHRIFT";"KARTENZAHLUNG DANKE REF00358";"";"";"";"";"";"";"LIDL Dienstleistung";"DE02120300000000202051";"HELADEF1HAN";"-20,98";"EUR";"Umsatz gebucht"
"DE02120300000000202051";"06.02.26";"06.02.26";"FOLGELASTSCHRIFT";"KARTENZAHLUNG DANKE REF00355";"";"";"";"";"";"";"LIDL Dienstleistung";"DE02120300000000202051";"HELADEF1HAN";"-92,00";"EUR";"Umsatz gebucht"
"DE02120300000000202051";"06.02.26";"06.02.26";"FOLGELASTSCHRIFT";"ONLINE EINKAUF REF00367";"";"";"";"";"";"";"AMAZON EU S.A R.L.";"DE02120300000000202051";"HELADEF1HAN";"-81,76";"EUR";"Umsatz gebucht"
"DE02120300000000202051";"07.02.26";"07.02.26";"FOLGELASTSCHRIFT";"SPOTIFY PREMIUM 02/2026 REF00347";"";"";"";"";"";"";"Spotify AB";"DE02120300000000202051";"HELADEF1HAN";"-10,99";"EUR";"Umsatz gebucht"
"DE02120300000000202051";"08.02.26";"08.02.26";"FOLGELASTSCHRIFT";"EINKAUF DROGERIE REF00369";"";"";"";"";"";"";"dm-drogerie markt";"DE02120300000000202051";"HELADEF1HAN";"-16,52";"EUR";"Umsatz gebucht"
"DE02120300000000202051";"10.02.26";"10.02.26";"FOLGELASTSCHRIFT";"BESTELLUNG DANKE REF00363";"";"";"";"";"";"";"Lieferando.de";"DE02120300000000202051";"HELADEF1HAN";"-38,00";"EUR";"Umsatz gebucht"
"DE02120300000000202051";"13.02.26";"13.02.26";"FOLGELASTSCHRIFT";"KARTENZAHLUNG DANKE REF00357";"";"";"";"";"";"";"REWE Markt GmbH";"DE02120300000000202051";"HELADEF1HAN";"-50,78";"EUR";"Umsatz gebucht"
"DE02120300000000202051";"15.02.26";"15.02.26";"FOLGELASTSCHRIFT";"BARGELDAUSZAHLUNG REF00368";"";"";"";"";"";"";"Geldautomat Sparkasse";"DE02120300000000202051";"HELADEF1HAN";"-150,00";"EUR";"Umsatz gebucht"
"DE02120300000000202051";"15.02.26";"15.02.26";"FOLGELASTSCHRIFT";"BESTELLUNG DANKE REF00361";"";"";"";"";"";"";"Cafe Central";"DE02120300000000202051";"HELADEF1HAN";"-55,33";"EUR";"Umsatz gebucht"
"DE02120300000000202051";"15.02.26";"15.02.26";"FOLGELASTSCHRIFT";"NETFLIX ABO 02/2026 REF00346";"";"";"";"";"";"";"NETFLIX INTERNATIONAL B.V.";"DE02120300000000202051";"HELADEF1HAN";"-13,99";"EUR";"Umsatz gebucht"
"DE02120300000000202051";"16.02.26";"16.02.26";"FOLGELASTSCHRIFT";"KARTENZAHLUNG DANKE REF00354";"";"";"";"";"";"";"LIDL Dienstleistung";"DE02120300000000202051";"HELADEF1HAN";"-49,65";"EUR";"Umsatz gebucht"
"DE02120300000000202051";"18.02.26";"18.02.26";"FOLGELASTSCHRIFT";"KARTENZAHLUNG DANKE REF00360";"";"";"";"";"";"";"EDEKA Center";"DE02120300000000202051";"HELADEF1HAN";"-74,51";"EUR";"Umsatz gebucht"
"DE02120300000000202051";"18.02.26";"18.02.26";"FOLGELASTSCHRIFT";"MOBILFUNK RECHNUNG 02/2026 REF00350";"";"";"";"";"";"";"Telekom Deutschland GmbH";"DE02120300000000202051";"HELADEF1HAN";"-19,99";"EUR";"Umsatz gebucht"
"DE02120300000000202051";"20.02.26";"20.02.26";"FOLGELASTSCHRIFT";"BESTELLUNG DANKE REF00364";"";"";"";"";"";"";"Lieferando.de";"DE02120300000000202051";"HELADEF1HAN";"-57,97";"EUR";"Umsatz gebucht"
"DE02120300000000202051";"20.02.26";"20.02.26";"FOLGELASTSCHRIFT";"MITGLIEDSBEITRAG FITNESS 02/2026 REF00348";"";"";"";"";"";"";"FitX Deutschland GmbH";"DE02120300000000202051";"HELADEF1HAN";"-29,90";"EUR";"Umsatz gebucht"
"DE02120300000000202051";"21.02.26";"21.02.26";"FOLGELASTSCHRIFT";"KARTENZAHLUNG DANKE REF00352";"";"";"";"";"";"";"ALDI SUED";"DE02120300000000202051";"HELADEF1HAN";"-83,56";"EUR";"Umsatz gebucht"
"DE02120300000000202051";"22.02.26";"22.02.26";"FOLGELASTSCHRIFT";"ONLINE EINKAUF REF00366";"";"";"";"";"";"";"AMAZON EU S.A R.L.";"DE02120300000000202051";"HELADEF1HAN";"-20,55";"EUR";"Umsatz gebucht"
"DE02120300000000202051";"25.02.26";"25.02.26";"FOLGELASTSCHRIFT";"BESTELLUNG DANKE REF00365";"";"";"";"";"";"";"Pizzeria Bella Italia";"DE02120300000000202051";"HELADEF1HAN";"-19,60";"EUR";"Umsatz gebucht"
"DE02120300000000202051";"25.02.26";"25.02.26";"FOLGELASTSCHRIFT";"SPARPLAN ETF MSCI WORLD 02/2026 REF00349";"";"";"";"";"";"";"Trade Republic Bank GmbH";"DE02120300000000202051";"HELADEF1HAN";"-200,00";"EUR";"Umsatz gebucht"
"DE02120300000000202051";"27.02.26";"27.02.26";"FOLGELASTSCHRIFT";"ENTGELT KONTOFUEHRUNG 02/2026 REF00351";"";"";"";"";"";"";"Sparkasse Hanau";"DE02120300000000202051";"HELADEF1HAN";"-4,90";"EUR";"Umsatz gebucht"
"DE02120300000000202051";"28.02.26";"28.02.26";"FOLGELASTSCHRIFT";"BESTELLUNG DANKE REF00362";"";"";"";"";"";"";"McDonalds Deutschland";"DE02120300000000202051";"HELADEF1HAN";"-39,01";"EUR";"Umsatz gebucht"
"DE02120300000000202051";"28.02.26";"28.02.26";"GUTSCHR. UEBERWEISUNG";"GEHALT 02/2026 REF00343";"";"";"";"";"";"";"Acme Software GmbH";"DE02120300000000202051";"HELADEF1HAN";"2850,00";"EUR";"Umsatz gebucht"
"DE02120300000000202051";"28.02.26";"28.02.26";"FOLGELASTSCHRIFT";"KARTENZAHLUNG DANKE REF00356";"";"";"";"";"";"";"REWE Markt GmbH";"DE02120300000000202051";"HELADEF1HAN";"-49,56";"EUR";"Umsatz gebucht"
"DE02120300000000202051";"01.03.26";"01.03.26";"FOLGELASTSCHRIFT";"MIETE BERGSTRASSE 3 03/2026 REF00371";"";"";"";"";"";"";"Wohnbau Hanau GmbH";"DE02120300000000202051";"HELADEF1HAN";"-980,00";"EUR";"Umsatz gebucht"
"DE02120300000000202051";"03.03.26";"03.03.26";"FOLGELASTSCHRIFT";"ABSCHLAG STROM GAS 03/2026 REF00372";"";"";"";"";"";"";"Stadtwerke Hanau";"DE02120300000000202051";"HELADEF1HAN";"-128,00";"EUR";"Umsatz gebucht"
"DE02120300000000202051";"06.03.26";"06.03.26";"FOLGELASTSCHRIFT";"KARTENZAHLUNG DANKE REF00385";"";"";"";"";"";"";"LIDL Dienstleistung";"DE02120300000000202051";"HELADEF1HAN";"-76,96";"EUR";"Umsatz gebucht"
"DE02120300000000202051";"07.03.26";"07.03.26";"FOLGELASTSCHRIFT";"SPOTIFY PREMIUM 03/2026 REF00374";"";"";"";"";"";"";"Spotify AB";"DE02120300000000202051";"HELADEF1HAN";"-10,99";"EUR";"Umsatz gebucht"
"DE02120300000000202051";"14.03.26";"14.03.26";"FOLGELASTSCHRIFT";"KARTENZAHLUNG DANKE REF00382";"";"";"";"";"";"";"EDEKA Center";"DE02120300000000202051";"HELADEF1HAN";"-17,99";"EUR";"Umsatz gebucht"
"DE02120300000000202051";"15.03.26";"15.03.26";"FOLGELASTSCHRIFT";"KARTENZAHLUNG DANKE REF00386";"";"";"";"";"";"";"LIDL Dienstleistung";"DE02120300000000202051";"HELADEF1HAN";"-18,82";"EUR";"Umsatz gebucht"
"DE02120300000000202051";"15.03.26";"15.03.26";"FOLGELASTSCHRIFT";"NETFLIX ABO 03/2026 REF00373";"";"";"";"";"";"";"NETFLIX INTERNATIONAL B.V.";"DE02120300000000202051";"HELADEF1HAN";"-13,99";"EUR";"Umsatz gebucht"
"DE02120300000000202051";"17.03.26";"17.03.26";"FOLGELASTSCHRIFT";"KARTENZAHLUNG DANKE REF00388";"";"";"";"";"";"";"ALDI SUED";"DE02120300000000202051";"HELADEF1HAN";"-54,98";"EUR";"Umsatz gebucht"
"DE02120300000000202051";"18.03.26";"18.03.26";"FOLGELASTSCHRIFT";"MOBILFUNK RECHNUNG 03/2026 REF00377";"";"";"";"";"";"";"Telekom Deutschland GmbH";"DE02120300000000202051";"HELADEF1HAN";"-19,99";"EUR";"Umsatz gebucht"
"DE02120300000000202051";"20.03.26";"20.03.26";"FOLGELASTSCHRIFT";"BESTELLUNG DANKE REF00389";"";"";"";"";"";"";"McDonalds Deutschland";"DE02120300000000202051";"HELADEF1HAN";"-11,03";"EUR";"Umsatz gebucht"
"DE02120300000000202051";"20.03.26";"20.03.26";"FOLGELASTSCHRIFT";"MITGLIEDSBEITRAG FITNESS 03/2026 REF00375";"";"";"";"";"";"";"FitX Deutschland GmbH";"DE02120300000000202051";"HELADEF1HAN";"-29,90";"EUR";"Umsatz gebucht"
"DE02120300000000202051";"21.03.26";"21.03.26";"FOLGELASTSCHRIFT";"KARTENZAHLUNG DANKE REF00383";"";"";"";"";"";"";"LIDL Dienstleistung";"DE02120300000000202051";"HELADEF1HAN";"-20,96";"EUR";"Umsatz gebucht"
"DE02120300000000202051";"22.03.26";"22.03.26";"FOLGELASTSCHRIFT";"BARGELDAUSZAHLUNG REF00391";"";"";"";"";"";"";"Geldautomat Sparkasse";"DE02120300000000202051";"HELADEF1HAN";"-150,00";"EUR";"Umsatz gebucht"
"DE02120300000000202051";"22.03.26";"22.03.26";"FOLGELASTSCHRIFT";"KARTENZAHLUNG DANKE REF00380";"";"";"";"";"";"";"LIDL Dienstleistung";"DE02120300000000202051";"HELADEF1HAN";"-28,31";"EUR";"Umsatz gebucht"
"DE02120300000000202051";"23.03.26";"23.03.26";"FOLGELASTSCHRIFT";"KARTENZAHLUNG DANKE REF00379";"";"";"";"";"";"";"REWE Markt GmbH";"DE02120300000000202051";"HELADEF1HAN";"-82,79";"EUR";"Umsatz gebucht"
"DE02120300000000202051";"23.03.26";"23.03.26";"FOLGELASTSCHRIFT";"KARTENZAHLUNG DANKE REF00387";"";"";"";"";"";"";"LIDL Dienstleistung";"DE02120300000000202051";"HELADEF1HAN";"-43,02";"EUR";"Umsatz gebucht"
"DE02120300000000202051";"24.03.26";"24.03.26";"FOLGELASTSCHRIFT";"BESTELLUNG DANKE REF00390";"";"";"";"";"";"";"Cafe Central";"DE02120300000000202051";"HELADEF1HAN";"-25,44";"EUR";"Umsatz gebucht"
"DE02120300000000202051";"25.03.26";"25.03.26";"FOLGELASTSCHRIFT";"EINKAUF DROGERIE REF00392";"";"";"";"";"";"";"dm-drogerie markt";"DE02120300000000202051";"HELADEF1HAN";"-31,89";"EUR";"Umsatz gebucht"
"DE02120300000000202051";"25.03.26";"25.03.26";"FOLGELASTSCHRIFT";"SPARPLAN ETF MSCI WORLD 03/2026 REF00376";"";"";"";"";"";"";"Trade Republic Bank GmbH";"DE02120300000000202051";"HELADEF1HAN";"-200,00";"EUR";"Umsatz gebucht"
"DE02120300000000202051";"26.03.26";"26.03.26";"FOLGELASTSCHRIFT";"KARTENZAHLUNG DANKE REF00381";"";"";"";"";"";"";"EDEKA Center";"DE02120300000000202051";"HELADEF1HAN";"-76,84";"EUR";"Umsatz gebucht"
"DE02120300000000202051";"27.03.26";"27.03.26";"FOLGELASTSCHRIFT";"ENTGELT KONTOFUEHRUNG 03/2026 REF00378";"";"";"";"";"";"";"Sparkasse Hanau";"DE02120300000000202051";"HELADEF1HAN";"-4,90";"EUR";"Umsatz gebucht"
"DE02120300000000202051";"27.03.26";"27.03.26";"FOLGELASTSCHRIFT";"KARTENZAHLUNG DANKE REF00384";"";"";"";"";"";"";"REWE Markt GmbH";"DE02120300000000202051";"HELADEF1HAN";"-20,37";"EUR";"Umsatz gebucht"
"DE02120300000000202051";"28.03.26";"28.03.26";"GUTSCHR. UEBERWEISUNG";"GEHALT 03/2026 REF00370";"";"";"";"";"";"";"Acme Software GmbH";"DE02120300000000202051";"HELADEF1HAN";"2850,00";"EUR";"Umsatz gebucht"
"DE02120300000000202051";"01.04.26";"01.04.26";"FOLGELASTSCHRIFT";"BARGELDAUSZAHLUNG REF00419";"";"";"";"";"";"";"Geldautomat Sparkasse";"DE02120300000000202051";"HELADEF1HAN";"-150,00";"EUR";"Umsatz gebucht"
"DE02120300000000202051";"01.04.26";"01.04.26";"FOLGELASTSCHRIFT";"MIETE BERGSTRASSE 3 04/2026 REF00394";"";"";"";"";"";"";"Wohnbau Hanau GmbH";"DE02120300000000202051";"HELADEF1HAN";"-980,00";"EUR";"Umsatz gebucht"
"DE02120300000000202051";"03.04.26";"03.04.26";"FOLGELASTSCHRIFT";"ABSCHLAG STROM GAS 04/2026 REF00395";"";"";"";"";"";"";"Stadtwerke Hanau";"DE02120300000000202051";"HELADEF1HAN";"-128,00";"EUR";"Umsatz gebucht"
"DE02120300000000202051";"04.04.26";"04.04.26";"FOLGELASTSCHRIFT";"BESTELLUNG DANKE REF00412";"";"";"";"";"";"";"McDonalds Deutschland";"DE02120300000000202051";"HELADEF1HAN";"-58,48";"EUR";"Umsatz gebucht"
"DE02120300000000202051";"06.04.26";"06.04.26";"FOLGELASTSCHRIFT";"EINKAUF DROGERIE REF00420";"";"";"";"";"";"";"dm-drogerie markt";"DE02120300000000202051";"HELADEF1HAN";"-17,43";"EUR";"Umsatz gebucht"
"DE02120300000000202051";"07.04.26";"07.04.26";"FOLGELASTSCHRIFT";"ONLINE EINKAUF REF00417";"";"";"";"";"";"";"AMAZON EU S.A R.L.";"DE02120300000000202051";"HELADEF1HAN";"-44,72";"EUR";"Umsatz gebucht"
"DE02120300000000202051";"07.04.26";"07.04.26";"FOLGELASTSCHRIFT";"SPOTIFY PREMIUM 04/2026 REF00397";"";"";"";"";"";"";"Spotify AB";"DE02120300000000202051";"HELADEF1HAN";"-10,99";"EUR";"Umsatz gebucht"
"DE02120300000000202051";"09.04.26";"09.04.26";"FOLGELASTSCHRIFT";"KARTENZAHLUNG DANKE REF00404";"";"";"";"";"";"";"ALDI SUED";"DE02120300000000202051";"HELADEF1HAN";"-23,79";"EUR";"Umsatz gebucht"
"DE02120300000000202051";"10.04.26";"10.04.26";"FOLGELASTSCHRIFT";"HAFTPFLICHT JAHRESBEITRAG 2026 REF00421";"";"";"";"";"";"";"HUK-COBURG Versicherung";"DE02120300000000202051";"HELADEF1HAN";"-89,00";"EUR";"Umsatz gebucht"
"DE02120300000000202051";"10.04.26";"10.04.26";"FOLGELASTSCHRIFT";"KARTENZAHLUNG DANKE REF00409";"";"";"";"";"";"";"ALDI SUED";"DE02120300000000202051";"HELADEF1HAN";"-65,64";"EUR";"Umsatz gebucht"
"DE02120300000000202051";"10.04.26";"10.04.26";"FOLGELASTSCHRIFT";"ONLINE EINKAUF REF00418";"";"";"";"";"";"";"MediaMarkt";"DE02120300000000202051";"HELADEF1HAN";"-66,96";"EUR";"Umsatz gebucht"
"DE02120300000000202051";"11.04.26";"11.04.26";"FOLGELASTSCHRIFT";"KARTENZAHLUNG DANKE REF00407";"";"";"";"";"";"";"EDEKA Center";"DE02120300000000202051";"HELADEF1HAN";"-66,30";"EUR";"Umsatz gebucht"
"DE02120300000000202051";"11.04.26";"11.04.26";"FOLGELASTSCHRIFT";"KARTENZAHLUNG DANKE REF00408";"";"";"";"";"";"";"ALDI SUED";"DE02120300000000202051";"HELADEF1HAN";"-43,81";"EUR";"Umsatz gebucht"
"DE02120300000000202051";"14.04.26";"14.04.26";"FOLGELASTSCHRIFT";"BESTELLUNG DANKE REF00415";"";"";"";"";"";"";"Cafe Central";"DE02120300000000202051";"HELADEF1HAN";"-11,76";"EUR";"Umsatz gebucht"
"DE02120300000000202051";"15.04.26";"15.04.26";"FOLGELASTSCHRIFT";"KARTENZAHLUNG DANKE REF00411";"";"";"";"";"";"";"LIDL Dienstleistung";"DE02120300000000202051";"HELADEF1HAN";"-15,66";"EUR";"Umsatz gebucht"
"DE02120300000000202051";"15.04.26";"15.04.26";"FOLGELASTSCHRIFT";"NETFLIX ABO 04/2026 REF00396";"";"";"";"";"";"";"NETFLIX INTERNATIONAL B.V.";"DE02120300000000202051";"HELADEF1HAN";"-13,99";"EUR";"Umsatz gebucht"
"DE02120300000000202051";"16.04.26";"16.04.26";"FOLGELASTSCHRIFT";"KARTENZAHLUNG DANKE REF00403";"";"";"";"";"";"";"ALDI SUED";"DE02120300000000202051";"HELADEF1HAN";"-53,15";"EUR";"Umsatz gebucht"
"DE02120300000000202051";"16.04.26";"16.04.26";"FOLGELASTSCHRIFT";"KARTENZAHLUNG DANKE REF00406";"";"";"";"";"";"";"LIDL Dienstleistung";"DE02120300000000202051";"HELADEF1HAN";"-38,27";"EUR";"Umsatz gebucht"
"DE02120300000000202051";"18.04.26";"18.04.26";"FOLGELASTSCHRIFT";"MOBILFUNK RECHNUNG 04/2026 REF00400";"";"";"";"";"";"";"Telekom Deutschland GmbH";"DE02120300000000202051";"HELADEF1HAN";"-19,99";"EUR";"Umsatz gebucht"
"DE02120300000000202051";"19.04.26";"19.04.26";"FOLGELASTSCHRIFT";"KARTENZAHLUNG DANKE REF00402";"";"";"";"";"";"";"EDEKA Center";"DE02120300000000202051";"HELADEF1HAN";"-11,50";"EUR";"Umsatz gebucht"
"DE02120300000000202051";"20.04.26";"20.04.26";"FOLGELASTSCHRIFT";"MITGLIEDSBEITRAG FITNESS 04/2026 REF00398";"";"";"";"";"";"";"FitX Deutschland GmbH";"DE02120300000000202051";"HELADEF1HAN";"-29,90";"EUR";"Umsatz gebucht"
"DE02120300000000202051";"21.04.26";"21.04.26";"FOLGELASTSCHRIFT";"KARTENZAHLUNG DANKE REF00405";"";"";"";"";"";"";"REWE Markt GmbH";"DE02120300000000202051";"HELADEF1HAN";"-78,84";"EUR";"Umsatz gebucht"
"DE02120300000000202051";"21.04.26";"21.04.26";"FOLGELASTSCHRIFT";"ONLINE EINKAUF REF00416";"";"";"";"";"";"";"AMAZON EU S.A R.L.";"DE02120300000000202051";"HELADEF1HAN";"-67,47";"EUR";"Umsatz gebucht"
"DE02120300000000202051";"22.04.26";"22.04.26";"FOLGELASTSCHRIFT";"BESTELLUNG DANKE REF00414";"";"";"";"";"";"";"McDonalds Deutschland";"DE02120300000000202051";"HELADEF1HAN";"-53,34";"EUR";"Umsatz gebucht"
"DE02120300000000202051";"25.04.26";"25.04.26";"FOLGELASTSCHRIFT";"SPARPLAN ETF MSCI WORLD 04/2026 REF00399";"";"";"";"";"";"";"Trade Republic Bank GmbH";"DE02120300000000202051";"HELADEF1HAN";"-200,00";"EUR";"Umsatz gebucht"
"DE02120300000000202051";"27.04.26";"27.04.26";"FOLGELASTSCHRIFT";"ENTGELT KONTOFUEHRUNG 04/2026 REF00401";"";"";"";"";"";"";"Sparkasse Hanau";"DE02120300000000202051";"HELADEF1HAN";"-4,90";"EUR";"Umsatz gebucht"
"DE02120300000000202051";"27.04.26";"27.04.26";"FOLGELASTSCHRIFT";"KARTENZAHLUNG DANKE REF00410";"";"";"";"";"";"";"REWE Markt GmbH";"DE02120300000000202051";"HELADEF1HAN";"-74,16";"EUR";"Umsatz gebucht"
"DE02120300000000202051";"28.04.26";"28.04.26";"FOLGELASTSCHRIFT";"BESTELLUNG DANKE REF00413";"";"";"";"";"";"";"Lieferando.de";"DE02120300000000202051";"HELADEF1HAN";"-35,24";"EUR";"Umsatz gebucht"
"DE02120300000000202051";"28.04.26";"28.04.26";"GUTSCHR. UEBERWEISUNG";"GEHALT 04/2026 REF00393";"";"";"";"";"";"";"Acme Software GmbH";"DE02120300000000202051";"HELADEF1HAN";"2850,00";"EUR";"Umsatz gebucht"
"DE02120300000000202051";"01.05.26";"01.05.26";"FOLGELASTSCHRIFT";"MIETE BERGSTRASSE 3 05/2026 REF00423";"";"";"";"";"";"";"Wohnbau Hanau GmbH";"DE02120300000000202051";"HELADEF1HAN";"-980,00";"EUR";"Umsatz gebucht"
"DE02120300000000202051";"03.05.26";"03.05.26";"FOLGELASTSCHRIFT";"ABSCHLAG STROM GAS 05/2026 REF00424";"";"";"";"";"";"";"Stadtwerke Hanau";"DE02120300000000202051";"HELADEF1HAN";"-128,00";"EUR";"Umsatz gebucht"
"DE02120300000000202051";"04.05.26";"04.05.26";"FOLGELASTSCHRIFT";"KARTENZAHLUNG DANKE REF00433";"";"";"";"";"";"";"EDEKA Center";"DE02120300000000202051";"HELADEF1HAN";"-64,35";"EUR";"Umsatz gebucht"
"DE02120300000000202051";"07.05.26";"07.05.26";"FOLGELASTSCHRIFT";"SPOTIFY PREMIUM 05/2026 REF00426";"";"";"";"";"";"";"Spotify AB";"DE02120300000000202051";"HELADEF1HAN";"-10,99";"EUR";"Umsatz gebucht"
"DE02120300000000202051";"08.05.26";"08.05.26";"FOLGELASTSCHRIFT";"KARTENZAHLUNG DANKE REF00437";"";"";"";"";"";"";"EDEKA Center";"DE02120300000000202051";"HELADEF1HAN";"-47,74";"EUR";"Umsatz gebucht"
"DE02120300000000202051";"09.05.26";"09.05.26";"FOLGELASTSCHRIFT";"BESTELLUNG DANKE REF00439";"";"";"";"";"";"";"McDonalds Deutschland";"DE02120300000000202051";"HELADEF1HAN";"-48,41";"EUR";"Umsatz gebucht"
"DE02120300000000202051";"10.05.26";"10.05.26";"FOLGELASTSCHRIFT";"BARGELDAUSZAHLUNG REF00441";"";"";"";"";"";"";"Geldautomat Sparkasse";"DE02120300000000202051";"HELADEF1HAN";"-150,00";"EUR";"Umsatz gebucht"
"DE02120300000000202051";"11.05.26";"11.05.26";"FOLGELASTSCHRIFT";"BESTELLUNG DANKE REF00440";"";"";"";"";"";"";"Cafe Central";"DE02120300000000202051";"HELADEF1HAN";"-56,65";"EUR";"Umsatz gebucht"
"DE02120300000000202051";"13.05.26";"13.05.26";"FOLGELASTSCHRIFT";"KARTENZAHLUNG DANKE REF00438";"";"";"";"";"";"";"EDEKA Center";"DE02120300000000202051";"HELADEF1HAN";"-24,58";"EUR";"Umsatz gebucht"
"DE02120300000000202051";"15.05.26";"15.05.26";"FOLGELASTSCHRIFT";"NETFLIX ABO 05/2026 REF00425";"";"";"";"";"";"";"NETFLIX INTERNATIONAL B.V.";"DE02120300000000202051";"HELADEF1HAN";"-13,99";"EUR";"Umsatz gebucht"
"DE02120300000000202051";"16.05.26";"16.05.26";"FOLGELASTSCHRIFT";"KARTENZAHLUNG DANKE REF00434";"";"";"";"";"";"";"LIDL Dienstleistung";"DE02120300000000202051";"HELADEF1HAN";"-89,14";"EUR";"Umsatz gebucht"
"DE02120300000000202051";"17.05.26";"17.05.26";"FOLGELASTSCHRIFT";"KARTENZAHLUNG DANKE REF00435";"";"";"";"";"";"";"ALDI SUED";"DE02120300000000202051";"HELADEF1HAN";"-69,37";"EUR";"Umsatz gebucht"
"DE02120300000000202051";"18.05.26";"18.05.26";"FOLGELASTSCHRIFT";"KARTENZAHLUNG DANKE REF00431";"";"";"";"";"";"";"EDEKA Center";"DE02120300000000202051";"HELADEF1HAN";"-43,50";"EUR";"Umsatz gebucht"
"DE02120300000000202051";"18.05.26";"18.05.26";"FOLGELASTSCHRIFT";"MOBILFUNK RECHNUNG 05/2026 REF00429";"";"";"";"";"";"";"Telekom Deutschland GmbH";"DE02120300000000202051";"HELADEF1HAN";"-19,99";"EUR";"Umsatz gebucht"
"DE02120300000000202051";"20.05.26";"20.05.26";"FOLGELASTSCHRIFT";"MITGLIEDSBEITRAG FITNESS 05/2026 REF00427";"";"";"";"";"";"";"FitX Deutschland GmbH";"DE02120300000000202051";"HELADEF1HAN";"-29,90";"EUR";"Umsatz gebucht"
"DE02120300000000202051";"25.05.26";"25.05.26";"FOLGELASTSCHRIFT";"SPARPLAN ETF MSCI WORLD 05/2026 REF00428";"";"";"";"";"";"";"Trade Republic Bank GmbH";"DE02120300000000202051";"HELADEF1HAN";"-200,00";"EUR";"Umsatz gebucht"
"DE02120300000000202051";"27.05.26";"27.05.26";"FOLGELASTSCHRIFT";"ENTGELT KONTOFUEHRUNG 05/2026 REF00430";"";"";"";"";"";"";"Sparkasse Hanau";"DE02120300000000202051";"HELADEF1HAN";"-4,90";"EUR";"Umsatz gebucht"
"DE02120300000000202051";"27.05.26";"27.05.26";"FOLGELASTSCHRIFT";"KARTENZAHLUNG DANKE REF00432";"";"";"";"";"";"";"ALDI SUED";"DE02120300000000202051";"HELADEF1HAN";"-87,42";"EUR";"Umsatz gebucht"
"DE02120300000000202051";"27.05.26";"27.05.26";"FOLGELASTSCHRIFT";"KARTENZAHLUNG DANKE REF00436";"";"";"";"";"";"";"ALDI SUED";"DE02120300000000202051";"HELADEF1HAN";"-49,98";"EUR";"Umsatz gebucht"
"DE02120300000000202051";"28.05.26";"28.05.26";"GUTSCHR. UEBERWEISUNG";"GEHALT 05/2026 REF00422";"";"";"";"";"";"";"Acme Software GmbH";"DE02120300000000202051";"HELADEF1HAN";"2850,00";"EUR";"Umsatz gebucht"
"DE02120300000000202051";"01.06.26";"01.06.26";"FOLGELASTSCHRIFT";"BESTELLUNG DANKE REF00462";"";"";"";"";"";"";"McDonalds Deutschland";"DE02120300000000202051";"HELADEF1HAN";"-45,84";"EUR";"Umsatz gebucht"
"DE02120300000000202051";"01.06.26";"01.06.26";"FOLGELASTSCHRIFT";"MIETE BERGSTRASSE 3 06/2026 REF00443";"";"";"";"";"";"";"Wohnbau Hanau GmbH";"DE02120300000000202051";"HELADEF1HAN";"-980,00";"EUR";"Umsatz gebucht"
"DE02120300000000202051";"02.06.26";"02.06.26";"FOLGELASTSCHRIFT";"KARTENZAHLUNG DANKE REF00456";"";"";"";"";"";"";"ALDI SUED";"DE02120300000000202051";"HELADEF1HAN";"-35,68";"EUR";"Umsatz gebucht"
"DE02120300000000202051";"03.06.26";"03.06.26";"FOLGELASTSCHRIFT";"ABSCHLAG STROM GAS 06/2026 REF00444";"";"";"";"";"";"";"Stadtwerke Hanau";"DE02120300000000202051";"HELADEF1HAN";"-128,00";"EUR";"Umsatz gebucht"
"DE02120300000000202051";"03.06.26";"03.06.26";"FOLGELASTSCHRIFT";"EINKAUF DROGERIE REF00465";"";"";"";"";"";"";"dm-drogerie markt";"DE02120300000000202051";"HELADEF1HAN";"-39,07";"EUR";"Umsatz gebucht"
"DE02120300000000202051";"04.06.26";"04.06.26";"FOLGELASTSCHRIFT";"BESTELLUNG DANKE REF00461";"";"";"";"";"";"";"McDonalds Deutschland";"DE02120300000000202051";"HELADEF1HAN";"-35,82";"EUR";"Umsatz gebucht"
"DE02120300000000202051";"07.06.26";"07.06.26";"FOLGELASTSCHRIFT";"SPOTIFY PREMIUM 06/2026 REF00446";"";"";"";"";"";"";"Spotify AB";"DE02120300000000202051";"HELADEF1HAN";"-10,99";"EUR";"Umsatz gebucht"
"DE02120300000000202051";"08.06.26";"08.06.26";"FOLGELASTSCHRIFT";"KARTENZAHLUNG DANKE REF00455";"";"";"";"";"";"";"ALDI SUED";"DE02120300000000202051";"HELADEF1HAN";"-82,47";"EUR";"Umsatz gebucht"
"DE02120300000000202051";"09.06.26";"09.06.26";"FOLGELASTSCHRIFT";"BARGELDAUSZAHLUNG REF00464";"";"";"";"";"";"";"Geldautomat Sparkasse";"DE02120300000000202051";"HELADEF1HAN";"-100,00";"EUR";"Umsatz gebucht"
"DE02120300000000202051";"11.06.26";"11.06.26";"FOLGELASTSCHRIFT";"KARTENZAHLUNG DANKE REF00452";"";"";"";"";"";"";"ALDI SUED";"DE02120300000000202051";"HELADEF1HAN";"-56,02";"EUR";"Umsatz gebucht"
